-7.929947,18.556276
-7.977924,18.625528
-7.883242,18.582254
-7.9371266,18.616598
-7.9262476,18.664278
-7.8847446,18.587133
-7.932049,18.611937
-8.0610485,18.55727
-8.046942,18.595728
-8.027588,18.632626
-8.059197,18.625038
-8.010037,18.5988
-8.060281,18.560972
-7.961987,18.564146
-8.046311,18.630093
-7.964844,18.681461
-8.004205,18.606022
-8.358945,18.5587
-8.204354,18.508295
-8.573848,18.509365
-8.611631,18.52173
-8.596046,18.534107
-8.303147,18.57454
-8.410283,18.52664
-8.962659,18.458656
-8.648545,18.448038
-9.221664,18.566229
-8.84091,18.425085
-8.813238,18.4427
-9.0100565,18.458742
-8.974763,18.45153
-8.947769,18.495384
-9.200183,18.506905
-9.679694,18.530834
-9.517114,18.57489
-9.431536,18.44162
-9.545484,18.55349
-9.622537,18.385717
-9.684628,18.491817
-9.453531,18.563992
-9.457944,18.419683
-9.506046,18.54943
-9.096657,18.428545
-9.188897,18.425539
-10.125712,18.499815
-9.937613,18.545666
-9.928988,18.464888
-9.901931,18.508116
-9.941831,18.500929
-9.924994,18.539083
-9.820431,18.382559
-9.877799,18.497168
-9.970932,18.619274
-9.907817,18.506165
-9.987485,18.389078
-10.797131,18.516289
-10.270461,18.491896
-10.593706,18.415466
-10.593954,18.504969
-10.555559,18.488665
-10.6816225,18.425053
-10.383051,18.518755
-10.546774,18.567596
-10.59657,18.495037
-10.414913,18.628075
-10.445887,18.455893
-11.118865,18.408289
-11.241712,18.474747
-11.205531,18.454865
-10.824366,18.423576
-10.854345,18.471912
-10.947104,18.54983
-11.015675,18.395748
-10.873743,18.452156
-10.959215,18.58585
-10.971634,18.469395
-11.015847,18.393196
-11.9449215,18.40228
-11.584806,18.464104
-11.3463955,18.47578
-12.251471,18.441133
-11.375347,18.480164
-11.409912,18.58278
-11.630238,18.479565
-11.821441,18.463982
-11.763374,18.494724
-11.726656,18.517132
-12.587976,18.444881
-13.30143,18.597923
-13.33481,18.78408
-13.017454,18.583134
-13.124136,18.617474
-13.211903,18.691551
-12.987419,18.548836
-13.257497,18.655285
-13.01823,18.483269
-13.235632,18.603785
-13.22049,18.650517
-13.634738,18.620083
-13.523329,18.536743
-13.540063,18.54478
-13.574273,18.479479
-13.467972,18.544783
-13.74697,18.424532
-13.692713,18.32136
-13.624139,18.630367
-13.390434,18.525032
-13.691418,18.569605
-13.483393,18.637865
-13.391503,18.47665
-13.433509,18.607117
-13.931073,18.516167
-13.740156,18.622688
-13.550221,18.717793
-14.085993,18.651676
-13.648672,18.662714
-13.906404,18.542233
-13.893431,18.415985
-13.848507,18.487778
-13.702684,18.586754
-14.153909,18.737467
-13.888526,18.476336
-14.261293,18.62519
-14.570747,18.44111
-14.455246,18.672707
-14.736803,18.741566
-14.363206,18.757078
-14.344357,18.61504
-14.389198,18.707943
-14.832823,18.625378
-14.393726,18.630283
-14.533716,18.83228
-14.685171,18.571283
-15.020805,18.77515
-15.390144,18.64144
-15.343799,18.785406
-15.220312,18.698784
-15.478973,18.594128
-15.122346,18.90156
-15.575703,18.607456
-15.018892,18.719511
-15.499288,18.554016
-15.530217,18.549425
-15.9798765,18.92541
-15.511921,18.837767
-15.698828,18.559824
-15.751584,18.6247
-15.825841,18.834805
-15.700873,18.73286
-16.01539,18.829721
-15.748885,18.67328
-15.757722,18.656706
-15.749247,18.6075
-15.865552,18.674011
-16.006836,18.747036
-16.477205,18.798876
-15.989237,18.73943
-16.356745,18.948088
-16.04342,18.73012
-15.952594,18.75916
-16.067406,18.709917
-16.018646,18.713612
-16.492432,18.852512
-16.11702,18.696032
-15.932395,18.680515
-16.850992,18.749022
-16.781084,18.843153
-16.794855,18.822187
-16.86303,18.869316
-16.761848,18.841913
-16.919025,18.806324
-16.697031,18.7835
-16.857378,18.763712
-16.855549,18.876654
-16.662691,18.83286
-16.870415,18.858034
-17.1848,18.833145
-17.392496,18.872616
-17.256714,18.899538
-17.1917,18.88858
-17.386871,18.977283
-17.413292,18.82159
-17.437452,19.004677
-17.350445,18.866167
-17.390068,18.894337
-17.350904,18.934937
-17.531967,18.804056
-17.493881,18.89441
-17.486214,18.946627
-7.899905,18.582811
-7.8524427,18.778328
-7.9559665,18.75168
-8.020359,18.793411
-7.9315906,18.750456
-7.938547,18.655933
-8.030908,18.714603
-8.177107,18.657341
-8.089372,18.718294
-8.094176,18.715355
-8.087433,18.629778
-8.049259,18.81659
-8.111567,19.007463
-8.052808,18.88904
-8.425667,18.756746
-8.227825,18.85271
-8.418707,18.81337
-8.370834,18.82322
-8.705221,18.5599
-8.183104,18.82173
-8.375256,18.706337
-8.428615,18.876625
-9.1554365,18.826498
-9.055664,18.698927
-8.968317,18.654291
-8.922864,18.642365
-9.267575,18.875238
-8.985691,18.774982
-9.159143,18.760017
-9.674238,18.58318
-9.48869,18.613764
-9.764984,18.607286
-9.371395,18.484516
-9.367213,18.557915
-9.519921,18.57934
-9.704234,18.644775
-9.615869,18.527348
-9.393999,18.580051
-9.114579,18.498358
-9.7571745,18.806017
-9.361818,18.728933
-10.066748,18.68406
-9.976551,18.885977
-10.162539,19.000053
-9.962962,18.618208
-10.247517,18.708149
-10.035396,18.648764
-9.933888,18.663088
-9.911512,18.58816
-10.189055,18.700636
-10.100754,18.892937
-10.167413,18.804
-10.648522,18.770926
-10.556607,18.869017
-10.7242155,18.827557
-10.554342,18.670185
-10.653213,18.655266
-10.953042,19.00319
-10.9903145,19.031223
-10.652753,18.966675
-10.46104,18.753351
-10.613329,18.65644
-10.628481,18.763243
-10.655419,18.797285
-11.168017,18.92877
-11.108715,18.957558
-10.860542,18.74523
-10.9974785,18.967524
-11.113355,18.864294
-10.921888,18.77764
-11.138483,18.814173
-11.081109,18.583511
-11.153043,18.777168
-11.054487,18.716362
-10.920677,18.691912
-10.947461,18.830803
-11.504199,18.658848
-11.560186,18.62997
-11.480729,18.940521
-11.404054,18.759636
-11.344628,18.601616
-11.351031,18.676256
-11.647911,18.935135
-11.36792,18.667713
-12.986921,18.750334
-13.004884,18.754915
-13.112271,18.696007
-13.29466,18.856077
-12.800464,18.838543
-13.059148,18.671047
-13.217578,18.880228
-12.924795,18.674606
-13.510702,18.73756
-13.607922,18.676382
-13.649877,18.637959
-13.518443,18.721485
-13.355085,19.032358
-13.56292,18.686457
-13.453416,18.795187
-13.480965,18.82344
-13.508163,18.790018
-13.567765,18.778475
-13.518546,18.909729
-13.526031,18.548313
-13.98735,18.830772
-13.883554,18.760147
-13.875612,18.83338
-14.016593,18.835028
-14.094196,18.88441
-14.046913,18.71621
-13.77244,18.749123
-14.138436,19.003426
-14.103954,18.835253
-14.239392,18.75148
-14.424321,18.845722
-14.383707,18.934282
-14.392954,18.889849
-14.900552,19.01244
-14.789414,18.905487
-14.41824,18.860863
-14.2941475,18.821453
-14.640862,18.923578
-14.572508,18.853071
-14.681293,19.052734
-14.805288,18.940973
-14.29098,18.916195
-14.597302,19.031897
-15.519409,18.578411
-15.270838,18.782059
-15.1664,18.860481
-15.105847,18.98427
-15.102067,18.885332
-15.328691,18.927837
-15.171124,18.948822
-15.223954,18.888214
-15.263161,19.010775
-15.205519,18.862335
-15.183649,18.89324
-15.439784,18.9234
-15.960205,19.054703
-15.86991,19.049961
-16.031961,18.959173
-15.584524,18.909718
-16.025969,19.012306
-15.819177,19.125423
-15.997444,18.947565
-15.624858,18.836267
-15.866568,19.111156
-15.963256,19.059933
-15.964295,19.141676
-16.28247,18.880165
-16.295322,18.91546
-16.493824,19.153381
-16.391382,18.995903
-16.179956,18.948324
-16.258959,18.939798
-16.206951,18.93865
-16.245594,19.072153
-16.30956,19.001833
-16.187395,19.105604
-16.578747,19.17761
-16.653318,19.17153
-16.403315,19.110838
-16.858192,19.243296
-17.085112,19.170961
-16.686813,19.02902
-16.829733,19.152788
-16.86305,18.97052
-17.14288,19.451122
-16.777735,18.984758
-16.916239,19.026127
-16.892612,19.249147
-16.994673,19.160923
-16.96529,19.312979
-17.13437,19.279127
-17.364155,19.34172
-17.494974,19.284168
-17.445326,18.876453
-17.389727,19.316305
-17.401625,19.122963
-17.271032,18.90497
-17.308422,18.973896
-17.367758,18.965168
-17.44793,19.166946
-17.394943,18.926628
-17.486813,18.945564
-17.492966,18.89287
-17.51084,18.986076
-17.567732,19.179806
-17.54961,19.028578
-17.496983,19.03852
-17.49177,19.242975
-17.497828,19.348246
-8.073274,19.346918
-8.082064,19.044933
-8.055536,19.356987
-8.103622,19.35211
-8.032106,19.364357
-8.068409,19.223154
-8.147476,19.735428
-8.172813,19.647982
-8.14512,19.033283
-8.270535,19.717188
-8.31439,19.678644
-8.278575,19.571835
-8.223097,19.132473
-8.212065,19.373444
-8.56482,19.18218
-8.715996,19.428497
-8.423628,19.184923
-8.30688,19.071976
-8.571413,19.401722
-8.327325,19.223143
-8.409022,19.205713
-8.442221,19.346897
-9.259266,19.363031
-13.413981,21.84319
-8.823401,19.22239
-8.917953,19.088556
-9.006905,19.364101
-9.021269,19.387737
-9.732294,19.165428
-9.401506,19.106073
-9.8301,19.325338
-9.636224,19.346586
-9.591961,19.228197
-9.541664,19.239426
-9.704239,19.311348
-9.531528,18.98488
-9.526582,19.069405
-9.591221,19.34627
-9.70834,19.432186
-9.944178,18.719799
-10.0222845,19.182165
-10.301293,18.98843
-10.046283,18.696394
-10.288476,19.205229
-9.9181595,19.424429
-10.267866,18.95956
-10.326682,18.86927
-10.417021,19.109697
-9.850055,19.312584
-10.201401,19.269186
-10.951863,19.062344
-10.449177,19.13657
-10.573838,19.129541
-10.676591,19.181664
-10.682741,19.038813
-10.516296,19.124418
-10.537126,18.974146
-10.703373,19.235987
-10.821988,19.151672
-10.762141,19.112213
-10.852648,18.888458
-10.750862,19.321798
-10.986305,19.02041
-11.043728,18.880829
-11.083514,18.852083
-10.967451,19.106646
-11.268532,19.07546
-11.124842,19.090265
-11.237917,19.14276
-11.385503,19.063602
-11.102883,19.0178
-11.321042,19.210516
-11.809156,19.134079
-11.4923525,19.181942
-12.349654,18.991951
-11.704671,19.136013
-11.68864,19.042702
-11.797499,19.245037
-12.085296,19.218464
-12.37872,19.047306
-11.844601,19.187662
-12.424115,19.06285
-12.284765,19.074318
-11.958977,19.279768
-12.961409,19.12657
-13.054954,19.394806
-12.784068,19.367252
-13.073678,19.226704
-12.55742,19.353327
-13.079828,19.10987
-12.312097,19.182474
-13.360512,19.300837
-13.266533,19.207283
-13.289348,19.399181
-13.180438,19.122208
-12.862034,19.284046
-13.503372,19.251997
-13.392188,19.222397
-13.676571,19.181435
-13.499531,19.029858
-13.563919,19.29854
-13.461741,19.418402
-13.471599,19.246923
-13.564337,19.122086
-13.64051,18.981232
-13.585228,19.430626
-13.8503065,19.131279
-13.764922,19.224651
-14.156514,19.806656
-13.932735,19.368961
-13.854389,19.097898
-13.984336,19.506319
-13.695304,19.134657
-13.895699,19.429977
-13.888959,19.131506
-14.2383585,19.358532
-14.718467,19.711483
-14.943594,19.616447
-14.576951,19.377802
-14.69367,19.457392
-14.554562,19.259045
-14.417556,19.37039
-14.586953,19.346619
-14.780942,19.106848
-14.644275,19.442455
-14.822132,19.487526
-15.30488,19.668991
-15.748982,19.308107
-15.223098,19.389008
-15.259591,19.333021
-15.18236,19.066547
-15.40385,19.495121
-14.988107,19.116728
-15.680891,19.75325
-15.713672,19.176226
-15.349511,19.702564
-15.934499,19.396376
-15.448735,18.958603
-15.982526,19.286768
-15.966007,19.320417
-15.599964,19.042986
-15.704715,19.384008
-15.903648,19.149755
-16.046692,19.465176
-15.612452,19.377766
-15.920814,19.795471
-15.942086,19.734238
-16.254293,19.237307
-16.263374,19.70296
-16.567165,19.901493
-16.387056,19.395382
-16.170185,19.510546
-16.120245,19.457766
-16.504824,19.71797
-16.499298,19.48491
-16.574083,19.395714
-16.692482,19.541292
-16.811712,19.612387
-17.077787,19.604012
-16.89938,19.509085
-16.961073,19.438986
-16.65508,19.539194
-17.328861,19.606037
-17.25876,19.574156
-16.87044,19.615763
-16.858923,19.50814
-17.251724,19.589064
-17.06751,19.649088
-16.929129,19.553675
-17.520788,19.615784
-17.43554,19.7063
-17.412874,19.62194
-17.407232,19.603931
-17.381575,19.625208
-17.563549,19.829924
-17.524685,19.759897
-17.484673,19.861324
-17.316813,19.683153
-17.525608,19.79251
-17.542461,19.725527
-17.538488,19.100527
-17.531498,19.524895
-8.247086,19.872484
-8.244528,19.959505
-8.273746,19.960539
-8.173633,19.929495
-8.196047,19.938677
-8.242458,19.876637
-8.354897,20.160185
-8.452655,20.22478
-8.52017,20.048063
-8.3882265,19.96216
-8.451238,19.982578
-8.305676,19.877094
-8.3289585,19.786211
-8.346829,20.131533
-8.834988,20.053398
-8.925049,20.16471
-8.597916,20.256632
-8.675465,20.14444
-9.026679,20.021875
-9.19956,19.97609
-9.024917,19.975668
-9.3430195,19.802853
-9.406264,19.803421
-9.161426,19.910755
-9.135858,19.83185
-9.239747,19.956163
-9.606369,19.790682
-9.646727,20.11674
-9.358372,19.752203
-9.874441,19.635916
-10.004412,20.007332
-9.851842,19.708706
-9.607067,19.821947
-9.748352,19.768694
-9.589161,19.933615
-9.682875,19.834578
-9.609504,19.909693
-10.244464,19.692348
-10.226541,19.687048
-10.235168,19.674688
-10.34059,19.730194
-10.295042,19.796028
-10.230992,19.707664
-9.988142,19.62266
-10.601519,19.606348
-10.777347,19.566902
-10.788609,19.543394
-10.393965,19.763962
-10.672904,19.847757
-10.852349,19.427973
-10.91454,19.862833
-10.877748,19.614298
-10.732178,19.479568
-10.691115,19.395279
-10.714726,19.278904
-10.966762,19.61152
-10.899526,19.747587
-11.340976,19.373478
-11.260793,19.717167
-11.486917,19.525164
-11.219672,19.606184
-11.418697,19.750029
-11.34133,19.590761
-11.386229,19.772207
-11.323395,19.656965
-12.679597,19.641562
-11.953274,19.7224
-12.684279,19.38328
-11.68566,19.394968
-11.799174,19.391111
-12.496491,19.620754
-12.064961,19.456194
-12.098148,19.660368
-11.922883,19.77303
-11.812143,19.343699
-11.991088,19.947622
-13.207881,19.708977
-13.155452,20.071486
-13.370034,20.138752
-13.316522,20.048166
-12.86676,19.791231
-13.255263,19.640148
-12.975779,19.850267
-13.0332775,19.896719
-12.975214,19.792446
-12.95142,19.568552
-12.894936,19.921762
-13.470804,20.037285
-13.448028,20.249659
-13.534569,20.248247
-13.487295,19.747095
-13.479526,19.90028
-13.474654,19.836765
-13.546927,20.015099
-13.413586,19.839775
-13.608114,20.068666
-13.491531,20.157942
-13.6935835,19.841772
-14.329556,20.325197
-14.083585,19.719479
-14.072487,20.046558
-14.291454,20.241282
-13.949244,19.891169
-13.962603,20.063967
-14.244332,19.933655
-14.349145,20.010784
-14.16175,19.666815
-14.31683,20.155575
-14.321714,19.971811
-14.619186,20.037651
-14.929451,20.259228
-14.89726,20.148996
-14.735789,20.119831
-15.043142,20.179005
-14.587118,19.91894
-14.643959,20.199753
-15.287597,19.815294
-14.956826,20.117165
-14.897755,20.048193
-14.859894,20.137932
-14.644969,20.091745
-14.644406,20.2313
-15.612063,19.927313
-15.7673025,20.027752
-15.506816,20.003063
-15.175076,20.276262
-15.1877985,20.393621
-15.456524,20.026972
-15.587604,20.106983
-15.615807,20.048687
-15.21552,20.200396
-15.734222,19.58415
-15.391044,20.063986
-15.474501,20.144398
-16.077616,20.143904
-15.805504,19.962833
-16.246151,20.134016
-16.060162,20.091578
-16.010067,19.902866
-16.108038,20.083303
-16.057829,20.121683
-16.067505,20.136019
-16.145908,20.080244
-16.144506,20.31299
-16.44028,19.995068
-16.746614,19.91192
-16.623173,20.203215
-16.242996,20.19059
-16.448069,20.059992
-16.728718,19.860435
-16.6578,20.149221
-16.33528,20.148458
-16.915499,19.863232
-16.449913,20.141155
-16.578428,20.210026
-16.712673,20.452127
-17.017965,20.305792
-17.160818,20.22462
-17.032263,20.070898
-16.968,20.253902
-17.213207,20.009598
-17.078783,20.243956
-17.106161,20.116512
-17.12464,19.864285
-17.014677,20.0123
-16.938395,20.123636
-17.026812,20.07855
-17.524853,20.161077
-17.459782,20.623442
-17.404844,20.424139
-17.511961,20.16359
-17.337902,19.898407
-17.382973,20.356695
-17.394037,20.31223
-17.40498,19.842365
-17.575535,20.184696
-17.5613,20.200937
-17.571323,20.01672
-17.571556,20.003632
-8.352519,20.639137
-8.301695,20.641476
-8.324249,20.680067
-8.343897,20.714344
-8.587401,20.582499
-8.477338,20.437323
-8.549967,20.478546
-8.396731,20.57653
-8.463867,20.344835
-8.54558,20.512539
-8.518883,20.4512
-8.505273,20.462511
-8.895448,20.517561
-8.879021,20.398977
-8.693664,20.37007
-8.71249,20.383133
-8.673342,20.442404
-8.699619,20.446096
-8.663258,20.584578
-8.777216,20.625633
-9.29954,20.725552
-9.152982,20.208447
-9.060557,20.333965
-9.007174,20.303272
-9.324468,20.22423
-9.30357,20.586815
-9.2785635,20.323282
-9.311535,20.366539
-9.962447,20.342869
-9.394634,20.134218
-10.042608,20.487385
-9.8523855,19.911625
-9.691668,20.135908
-9.404091,20.225988
-9.54621,20.1483
-10.06993,20.583704
-9.766801,20.47069
-9.770545,20.246597
-9.445866,20.237204
-10.043165,20.472296
-10.326938,20.295883
-10.363331,20.474236
-10.301212,20.178822
-10.1312275,20.209398
-10.36671,20.36715
-10.50717,20.391481
-10.295557,20.399668
-10.716564,20.32774
-10.389924,20.192257
-10.637797,20.305182
-10.591921,20.491745
-11.10337,20.43677
-11.005517,20.269838
-10.862486,20.664263
-11.030551,20.536219
-10.831568,20.624367
-11.319122,20.73987
-10.998,20.201172
-11.075054,20.39548
-11.168568,20.501097
-11.823811,20.62719
-11.667522,20.519283
-11.741596,20.618206
-11.499254,20.383322
-11.704175,20.322126
-11.527536,20.66992
-11.599515,20.732157
-11.882078,20.408628
-11.684383,20.692366
-11.812424,20.413065
-12.096982,20.220829
-12.206501,20.66932
-12.59441,20.708862
-12.271901,20.600595
-12.009248,20.289469
-12.079573,20.391186
-12.19571,20.204689
-12.508959,20.637144
-13.084104,20.244085
-13.456002,20.54556
-13.218693,20.844296
-13.160989,20.111135
-12.996395,20.377594
-13.299368,20.419876
-13.183223,20.598782
-13.051942,20.659494
-13.330332,20.457743
-13.280943,20.383595
-13.740324,20.474485
-13.624378,20.629791
-13.776501,20.786448
-13.6803665,20.716455
-13.527996,20.48297
-13.570358,20.444635
-13.536113,20.736681
-13.5652685,20.436932
-13.52979,20.443348
-13.529086,20.529705
-13.590277,20.629517
-13.8171425,20.82498
-14.162577,20.675844
-14.264877,20.812593
-14.678419,21.219402
-14.353628,20.48914
-14.043512,20.316856
-14.475324,20.54246
-14.046226,21.040209
-14.23262,20.592825
-14.489228,21.215364
-14.144774,20.805119
-14.347015,20.67479
-14.864987,20.541311
-14.541959,20.606903
-14.935967,20.800564
-14.796617,20.719181
-14.699001,20.588022
-14.777239,20.641985
-14.594952,20.695965
-14.623712,20.65086
-14.656026,20.710407
-14.8833885,20.718647
-14.858748,20.590235
-15.286875,20.956886
-15.63468,20.526485
-15.335933,20.769379
-15.202165,20.867628
-15.509217,21.359964
-15.18206,20.665522
-15.139,20.686174
-15.519311,20.488852
-15.449423,20.442196
-15.055405,20.99785
-16.29173,20.63491
-16.158733,21.015886
-16.338434,20.538462
-16.028326,20.342175
-16.340343,20.508461
-16.1764,20.653517
-16.326586,20.478605
-15.851918,20.650768
-16.125463,20.419743
-16.279322,20.478367
-16.103046,20.435009
-16.493952,20.674776
-16.561098,20.80667
-16.457233,20.63403
-16.713285,20.772375
-16.47647,20.605576
-16.402576,20.53079
-17.23245,20.72036
-17.69519,21.121029
-17.19652,20.665066
-17.249073,21.052736
-17.2356,21.069418
-17.20514,20.701456
-17.355492,21.051443
-17.16994,20.980938
-17.723108,21.156826
-17.33044,21.037619
-17.234892,20.936584
-17.030321,20.881573
-17.521793,20.641495
-17.558094,20.69337
-17.592144,20.775095
-17.537085,20.680227
-17.550335,20.728039
-17.593906,20.635841
-17.623667,20.779442
-8.326866,21.436155
-8.370365,21.318853
-8.373066,21.281128
-8.377684,21.210478
-8.397002,21.205048
-8.40334,21.223454
-8.3676,21.361874
-8.441646,21.265036
-8.407495,21.236135
-8.371853,21.167784
-8.46651,21.414446
-8.551921,21.121443
-8.526708,20.885319
-8.539948,21.256691
-8.506041,21.258345
-8.474976,21.223522
-8.510687,21.177654
-8.600401,21.052576
-8.53171,21.023655
-8.967241,21.053139
-8.697061,21.210764
-8.693995,21.160913
-8.966617,21.10911
-8.967224,21.188026
-8.752867,21.110027
-9.4279375,21.063282
-9.373667,21.044767
-9.562274,21.748098
-9.510394,21.091686
-9.123534,20.794476
-9.244905,20.931248
-9.43461,21.24242
-9.434812,21.0683
-9.10357,20.747208
-10.35873,20.943382
-9.664284,20.943653
-9.982779,20.983463
-9.980596,20.66739
-9.842092,21.185223
-9.922237,20.739285
-9.681066,20.95793
-9.875559,21.210888
-10.219933,21.018793
-10.049748,20.958416
-10.650975,21.016619
-10.484614,20.816069
-10.763542,20.690086
-10.611594,20.862635
-10.113997,20.731236
-10.435376,21.055334
-10.558273,20.695337
-10.826427,20.888441
-10.699946,20.885654
-10.795665,21.030903
-10.832321,20.949572
-10.549945,20.879095
-10.928699,20.691395
-11.420003,21.243471
-11.07446,20.921814
-11.027678,21.080566
-11.243714,20.951714
-11.510041,20.993326
-11.129315,21.08856
-11.651878,20.900635
-11.748159,20.950222
-11.619839,21.09292
-11.7584,20.96468
-11.722477,20.880602
-11.421693,20.643766
-11.843225,21.047207
-11.819337,21.001694
-11.761025,20.927593
-11.855697,20.933352
-11.90693,21.006224
-11.976112,21.049768
-12.05021,21.109114
-12.494194,20.859657
-12.219621,21.281532
-11.990881,20.876335
-11.861073,20.924822
-12.171704,20.907728
-12.292259,20.9791
-12.414938,20.894815
-12.746574,21.217484
-13.2555065,20.990715
-13.217255,21.379868
-13.291845,21.01276
-13.205879,21.242403
-13.303963,21.150742
-13.297716,21.08766
-13.193505,21.123539
-13.440083,21.117989
-13.3162155,21.008781
-13.178215,21.144657
-13.2421055,21.210678
-13.765482,21.158554
-13.779764,21.065275
-13.640158,20.941628
-13.614837,21.039104
-13.485282,21.222738
-13.959702,21.226307
-13.976136,21.194036
-14.1098,21.173294
-14.097064,21.369654
-13.744972,21.138983
-13.699458,21.394623
-13.608917,21.167116
-14.155197,21.105082
-14.152218,21.22375
-14.515558,21.153187
-14.282883,21.20851
-14.118505,21.333292
-14.349207,21.251215
-14.383643,21.31061
-14.225326,21.218033
-14.313431,21.382116
-14.278326,21.43617
-14.600276,21.28899
-14.6570215,21.21968
-14.775467,21.068756
-14.560456,21.158825
-15.122355,21.498545
-14.828306,21.225044
-14.497945,21.13521
-14.990464,21.512863
-14.625175,21.210676
-14.705307,21.275099
-15.052221,21.477924
-15.008236,21.307375
-14.870849,21.287031
-15.748528,21.44796
-15.392619,21.292349
-15.271071,21.43147
-15.171698,21.359938
-15.2818985,21.010263
-15.6982155,21.9255
-15.390133,21.559755
-15.431853,21.531397
-15.213318,21.131943
-15.617797,21.533724
-15.33905,21.424406
-15.353636,21.456331
-15.264775,21.21853
-16.305817,21.627207
-16.294695,21.492496
-16.680218,21.984488
-16.100142,21.69603
-16.184008,21.58418
-16.261003,21.768448
-16.199274,21.578709
-16.218035,21.62205
-16.267946,21.643402
-16.697422,22.02693
-16.163754,21.537659
-16.422983,21.78463
-16.435732,21.457582
-16.867205,21.986671
-16.854582,21.529339
-16.959145,21.348255
-16.94135,21.324617
-16.708334,21.402176
-16.839752,21.751766
-16.753702,21.357574
-16.833206,22.051565
-16.988348,22.040617
-16.764967,21.990036
-16.88196,21.717968
-16.646519,21.720392
-16.574818,21.733528
-16.844292,21.374527
-17.221777,21.589176
-17.174623,21.584227
-17.229597,21.417828
-16.874718,21.656292
-17.170849,21.326542
-17.161297,21.471102
-17.522356,21.520868
-16.833538,21.657022
-17.207376,21.354275
-17.177683,21.388197
-17.22467,21.341434
-17.578964,21.271036
-17.663353,21.293089
-17.489122,21.320482
-17.75396,21.204824
-17.73546,21.385744
-17.7424,21.250069
-17.52322,21.341364
-17.724724,21.397245
-17.366718,21.367466
-17.601282,21.256887
-8.356662,21.662966
-8.434771,21.560776
-8.394729,22.05724
-8.49656,21.517593
-8.435999,21.52491
-8.558505,21.511683
-8.467067,21.751814
-8.451972,21.83267
-8.468426,21.946926
-8.628377,21.720726
-8.502711,21.587797
-8.536865,21.47701
-8.582593,21.468973
-8.669132,21.869688
-9.14991,22.14974
-8.943548,21.676945
-8.973915,21.827614
-8.824696,21.733093
-8.949605,21.755957
-9.003568,21.586689
-9.521617,21.818487
-9.406769,21.790224
-9.497599,21.869154
-9.565556,22.030735
-9.361974,21.734137
-9.439119,21.922775
-9.42112,21.762495
-9.7652645,21.954268
-9.315395,21.82414
-9.924968,22.008902
-9.779369,21.985643
-9.789113,21.728935
-9.822972,22.029743
-9.889865,21.84537
-9.783683,21.75188
-9.80736,22.009138
-9.920796,21.962763
-10.001237,21.606583
-10.129793,21.524523
-9.7859125,21.60362
-10.089685,21.87463
-10.439614,21.717867
-10.952936,21.322248
-10.436252,21.809952
-11.001551,21.28463
-10.524372,21.544355
-10.451824,21.95492
-10.659932,21.127253
-10.848775,21.375618
-10.56686,21.63199
-10.899584,21.371145
-10.576715,21.23997
-10.560972,21.8275
-11.204275,21.456354
-11.509923,21.439568
-11.2630825,21.372746
-11.35316,21.180584
-10.939694,21.490522
-11.357154,21.389
-11.441579,21.354673
-11.093409,21.294931
-11.075393,21.275534
-11.265299,21.283545
-11.674102,21.211983
-11.770215,21.237823
-11.58711,21.420712
-11.999891,22.45029
-12.035069,22.311962
-11.953708,22.362835
-11.672098,21.311092
-11.675981,21.273657
-11.901712,21.588112
-11.715057,21.15036
-11.7433405,21.270803
-12.188105,21.347315
-11.95572,21.229183
-12.005322,21.177784
-11.9685755,21.447388
-12.0228405,21.322355
-13.083457,21.786089
-13.000385,21.68418
-12.922005,21.680777
-12.825082,21.562567
-12.627436,21.60888
-13.040688,21.802027
-13.367952,21.745218
-13.321453,21.749884
-13.344464,21.769995
-13.303367,21.890818
-13.457952,21.935186
-13.425173,21.74187
-13.335058,21.767971
-13.250198,21.868416
-13.447214,21.867641
-13.350606,21.877258
-13.196167,21.866629
-13.320463,21.738838
-13.644896,21.922796
-13.682883,21.650114
-13.6766815,21.777693
-13.622637,21.928118
-13.858124,21.654705
-13.748713,21.721567
-13.563426,21.870504
-13.6250515,21.932882
-13.875226,22.100636
-14.0059,21.938215
-14.242306,21.97706
-14.215289,22.071344
-14.146598,21.753553
-14.144083,21.833263
-14.220395,21.857435
-14.36153,21.828522
-14.108112,22.187471
-14.451912,21.576542
-14.3783045,22.113731
-15.059973,21.578293
-14.9797,21.679787
-14.653856,21.987148
-14.919284,21.738718
-14.942924,21.628166
-15.035023,22.268326
-14.790395,22.079239
-15.140559,22.292507
-15.191814,22.360954
-15.174721,22.200975
-15.107498,21.601988
-15.712131,22.20986
-15.795133,22.365917
-15.948296,22.468182
-15.8650875,22.405859
-15.675149,22.507639
-15.978672,22.324553
-15.649463,22.007801
-15.858314,22.379896
-15.763351,22.542204
-15.926827,22.266642
-16.223171,21.886986
-16.213146,21.793211
-16.466736,21.960459
-16.343836,22.03506
-16.312773,21.968544
-16.37959,22.018415
-16.292297,22.011894
-16.265436,22.127682
-16.410934,22.24328
-16.20985,22.252209
-16.926718,21.64804
-17.00945,21.908403
-16.834072,22.136757
-17.091908,21.6006
-16.8225,22.0395
-16.789766,22.141026
-16.853651,22.036243
-16.552702,21.825476
-16.85644,21.982346
-16.983442,21.946966
-16.88488,22.109442
-16.900873,22.182905
-17.009876,22.237534
-17.27798,22.0085
-16.947863,22.180353
-17.252186,21.926693
-17.48737,21.53737
-17.290379,21.388605
-17.129574,21.912695
-17.133196,21.83034
-17.141037,21.941841
-17.344877,21.667873
-17.401577,21.719635
-16.998848,22.133873
-17.370905,21.671278
-17.670809,21.832426
-18.159163,22.569157
-18.138493,22.51302
-8.3995695,22.162338
-8.398115,22.20029
-8.574111,22.453249
-8.437431,21.767475
-8.428986,22.26101
-8.401269,22.166655
-8.405516,22.160412
-8.394319,22.081297
-8.548323,22.64621
-8.394197,22.263126
-8.4087105,22.037756
-8.81581,22.499691
-8.648002,22.300743
-13.397253,21.79003
-8.44279,22.200634
-8.558942,22.049734
-8.53586,22.20366
-8.716496,22.539953
-8.484297,22.161602
-9.095914,22.509085
-8.954239,22.10103
-9.176784,22.59092
-8.913345,22.267565
-9.121136,22.235785
-9.009306,22.42265
-9.094749,22.140213
-9.146597,22.5745
-9.393712,22.477377
-9.720815,22.2658
-9.447026,22.557537
-9.680518,22.234934
-9.204886,22.529474
-9.204972,22.57738
-9.812153,22.312038
-9.789364,22.218372
-9.788032,22.353317
-9.698509,22.378675
-10.287523,22.131735
-10.073364,22.243935
-9.913107,22.200535
-9.942543,22.301315
-9.841092,22.298876
-9.97889,22.176758
-9.924498,22.3561
-9.952337,22.355524
-9.915284,22.336472
-10.058252,22.311586
-10.103724,22.46258
-9.933968,22.223928
-10.377522,22.504402
-10.729549,22.490683
-10.482918,22.455444
-10.429903,22.349863
-10.472484,22.37561
-10.57094,22.637012
-10.938338,22.876324
-10.562919,22.343801
-10.589299,22.483517
-10.544563,22.555828
-11.583985,22.6612
-11.755273,22.732042
-11.621252,22.673927
-11.497292,22.734339
-11.846055,22.761988
-11.661957,22.650145
-11.79098,22.581316
-11.570266,22.892065
-11.607515,22.68038
-11.526388,22.85512
-11.413168,22.589918
-11.943405,22.64603
-11.784867,22.488083
-12.091565,22.660076
-11.955842,22.677967
-11.898212,22.346392
-11.9443865,22.678104
-11.926644,22.756718
-11.953129,22.578608
-12.506402,22.363365
-12.57561,22.282358
-12.490683,22.221
-12.605776,22.519917
-12.74988,22.731867
-12.414297,22.547583
-12.594048,22.504427
-12.339049,22.675684
-12.659797,22.63395
-12.520792,22.546206
-12.384329,22.708096
-13.188569,22.748201
-13.298524,22.657635
-13.200281,22.372944
-13.183591,22.69097
-13.181622,22.584513
-13.4073715,22.453602
-13.16682,22.565113
-13.259255,22.352247
-13.860249,22.599495
-13.693184,22.403576
-13.596431,22.370737
-13.979395,22.334242
-14.022436,22.555216
-13.609538,22.393026
-13.862152,22.48496
-13.917881,22.430542
-13.8176155,22.55221
-13.976954,22.270014
-14.951592,23.067204
-14.309845,22.693409
-14.949661,22.024742
-14.303774,22.557076
-14.303425,22.163185
-14.089428,22.393784
-14.211896,22.630512
-14.109067,22.375963
-14.647277,22.720875
-14.538401,22.521902
-14.140505,22.1779
-14.038178,22.403072
-15.237963,22.844864
-15.171394,22.764257
-15.210715,22.855265
-15.589972,22.806114
-15.492636,22.662708
-15.166686,22.519648
-15.440928,22.901117
-15.6208515,23.052336
-15.394739,22.810488
-15.10628,22.959864
-15.412297,22.957245
-15.229065,22.851955
-15.658019,22.81781
-15.696249,22.919653
-15.967917,22.869894
-15.916038,22.96022
-16.098873,22.817497
-15.75282,22.81676
-16.049337,22.69247
-15.730399,22.880724
-15.96879,22.63631
-15.849387,22.890478
-15.702131,22.882372
-15.876731,22.78082
-15.817335,22.929066
-16.176569,22.722973
-16.06565,22.832466
-16.207466,22.740665
-15.976984,22.92076
-16.249573,22.505556
-16.480474,22.57612
-16.147676,22.513832
-16.057589,22.776276
-16.558472,22.847717
-16.437634,22.659494
-16.28578,22.665462
-16.895178,22.811672
-16.813427,22.795746
-16.981033,22.588543
-16.766445,22.647015
-16.995289,22.427792
-16.851442,22.653154
-17.002117,22.577244
-16.962036,22.267256
-16.898598,22.441618
-17.075459,22.592012
-17.018805,22.556637
-16.947472,22.762909
-16.815664,22.806599
-17.415594,23.02426
-17.453888,23.028904
-17.469576,22.966385
-17.627192,22.510538
-17.44507,22.992228
-17.366222,22.35941
-17.418406,22.985683
-17.127777,22.33993
-17.133247,22.392324
-18.07436,23.06966
-18.285965,22.994043
-18.267338,23.060003
-18.252289,22.961575
-18.220724,22.961983
-18.289888,23.032791
-18.250345,23.114296
-18.22295,22.9392
-18.213583,22.958292
-18.277765,23.003368
-18.255447,22.970419
-8.4601,22.976719
-8.481667,22.983452
-8.447374,22.954685
-8.471259,22.915504
-8.469422,22.994797
-8.458157,22.990528
-8.594893,22.951864
-8.513709,22.93983
-8.4556675,22.840097
-8.349006,22.821947
-8.407579,22.875242
-8.555797,22.91934
-8.420734,22.96478
-8.641205,22.923899
-9.185437,22.666946
-9.410434,22.88226
-9.182263,22.78986
-9.16373,22.768557
-9.174025,22.725134
-9.040576,22.681889
-9.163305,22.708317
-9.024782,22.92189
-9.415585,22.80011
-9.697699,22.60111
-9.697333,22.794317
-9.385037,22.67709
-9.675743,22.518917
-9.738562,22.88418
-9.771298,22.604925
-9.821317,22.751274
-9.367358,22.753765
-9.759209,22.690237
-10.024074,22.625858
-10.091455,22.888784
-10.441795,22.948
-9.871891,22.54481
-9.894927,22.540724
-9.988913,22.55641
-10.115853,22.870525
-9.870708,22.661583
-9.893829,22.868069
-10.003576,22.821259
-10.214998,22.926981
-10.176113,22.945507
-10.246294,22.806929
-10.526494,22.936789
-10.43878,22.853104
-10.92163,22.9602
-10.336002,22.874153
-10.783125,22.97956
-10.410164,22.860891
-10.439973,22.801888
-10.547205,22.847017
-10.574398,22.874556
-11.672375,22.83417
-10.97296,22.80146
-11.103594,22.991934
-11.369109,22.792072
-11.142549,22.908411
-11.130606,22.991892
-11.296921,22.917295
-11.109148,23.094912
-11.150322,23.036274
-11.12901,22.983307
-11.0289545,22.995842
-11.209323,23.100094
-12.043097,22.894035
-12.0113535,22.891758
-11.945211,22.969894
-11.956551,22.878922
-11.823402,23.002089
-12.08596,22.872076
-11.889192,22.901178
-11.910847,23.014364
-12.073513,22.975155
-12.407976,22.844418
-12.752354,22.930704
-12.76461,23.01303
-12.969535,23.100925
-12.693153,23.01031
-12.801886,23.064495
-12.718151,23.06433
-12.959758,22.929403
-12.693217,22.994543
-12.715477,22.980534
-12.951568,22.958153
-12.828843,22.935873
-13.05376,22.956213
-13.385395,23.041946
-13.287853,23.10933
-13.133491,22.981915
-13.535857,22.787066
-13.280579,23.086863
-13.192501,22.972664
-13.366897,23.050556
-13.065047,22.913328
-13.283384,23.046635
-13.264314,22.998407
-13.278373,22.942513
-13.982812,23.086658
-13.82461,22.564066
-13.6169195,23.11058
-14.015835,23.177168
-13.828851,22.858332
-13.778073,22.951914
-13.554108,22.604471
-13.8822365,22.724699
-13.937439,22.663155
-13.649275,22.879091
-14.526721,23.100264
-14.727327,23.155262
-14.460398,23.175243
-14.315978,23.021852
-14.319603,23.089483
-14.894705,23.085697
-14.443644,23.206871
-14.624062,23.126808
-14.884289,23.20567
-14.498744,23.224352
-14.559988,23.063301
-14.474482,23.193363
-14.56652,23.11861
-15.566005,22.974546
-15.470513,23.245153
-15.516775,23.278933
-15.464158,23.065685
-15.350944,23.133698
-15.278599,23.20111
-15.334021,23.05027
-15.336702,23.021814
-15.424249,22.86886
-15.093729,23.161966
-15.067523,23.184196
-15.101232,23.204168
-15.602317,23.162111
-15.678131,23.204111
-15.938862,23.190334
-15.669034,23.13126
-15.662847,23.03105
-15.834091,23.151623
-15.570053,23.122019
-15.652269,23.129995
-15.573204,23.113504
-15.727066,23.23683
-15.747592,23.181114
-16.469238,23.02001
-16.31964,23.008024
-16.172283,23.134758
-15.969864,23.097708
-16.201353,23.240923
-15.912726,23.041761
-16.037159,23.141453
-16.482573,22.975348
-16.067446,23.136
-16.169073,23.040192
-16.188848,23.14537
-16.10491,23.242111
-16.20078,23.10523
-16.715054,22.93212
-17.258919,23.025047
-17.349518,23.00769
-17.256859,23.02725
-16.683054,22.950773
-16.971746,22.974558
-16.803259,22.971407
-16.901577,22.940752
-16.496946,23.380207
-16.380373,23.495546
-16.778545,22.994375
-17.720818,23.033413
-17.362238,23.147324
-17.723778,23.036594
-17.319578,23.07125
-17.630558,22.985756
-17.850761,23.080196
-17.35042,23.102907
-17.390402,23.100243
-17.68333,23.019772
-17.735092,23.091251
-17.426624,23.108154
-17.303988,23.013948
-18.091343,23.124725
-18.029999,23.162481
-18.208946,23.19198
-18.142836,23.191242
-18.273176,23.234848
-18.099037,23.168737
-18.235628,23.193762
-18.19513,23.263556
-18.30341,23.14987
-18.25998,23.222536
-18.336731,23.159164
-18.179893,23.212114
-18.317387,23.202015
-18.28302,23.2439
-18.315283,23.18462
-18.320932,23.26191
-18.291542,23.226307
-18.26279,23.165829
-8.464927,23.004675
-8.479732,23.03321
-8.474179,22.991606
-8.427178,22.969511
-8.47509,22.9788
-8.483155,22.991873
-8.439768,23.036404
-8.479339,22.973549
-8.514787,22.993454
-8.579838,22.997913
-8.508447,23.000002
-8.598421,22.963202
-9.318471,22.965729
-8.861114,22.976383
-9.302582,22.954838
-9.252236,23.012133
-9.745892,23.036354
-9.491812,22.948397
-9.746939,22.981611
-9.7029705,23.004852
-9.786546,22.928907
-9.762982,23.055338
-9.621445,22.962896
-9.62325,23.018412
-10.134651,22.991323
-10.058823,22.987282
-9.931048,23.00071
-10.194554,23.060272
-9.994121,23.003078
-10.000054,23.013605
-9.963035,23.01369
-10.10113,23.035583
-10.019672,22.93121
-10.016561,23.052395
-10.711356,23.015985
-10.493675,22.99865
-10.645407,23.007626
-10.785504,22.983519
-10.448805,22.995941
-10.558076,23.032982
-10.507852,22.977772
-10.766229,23.02901
-10.840957,23.011248
-11.027462,23.081821
-11.386297,23.06046
-11.185924,22.96465
-11.181268,23.018486
-11.046226,23.15224
-10.901601,23.052176
-12.141336,23.087036
-12.131084,23.067778
-12.164398,23.12602
-12.286215,23.077538
-11.797854,23.146889
-12.772762,23.095392
-12.823865,23.049885
-12.188664,23.01617
-12.874815,23.129854
-12.8202915,23.121172
-12.664931,23.089434
-12.55914,23.088446
-13.340734,23.181913
-13.216822,23.073547
-13.073372,23.19459
-13.352763,23.13025
-13.250179,23.068048
-13.312334,23.119154
-13.171683,23.152462
-13.178279,23.069035
-13.233796,23.078289
-13.4230585,23.195868
-13.461872,23.149578
-13.543358,23.12257
-14.279805,23.24824
-14.036039,23.224113
-14.361778,23.216984
-13.485497,23.170568
-14.296471,23.237822
-14.121023,23.241837
-14.064397,23.200945
-14.109069,23.212631
-14.12474,23.20123
-14.563703,23.213432
-14.582488,23.228964
-14.617209,23.157488
-14.506809,23.27754
-14.533644,23.273468
-14.458236,23.289055
-14.544825,23.221828
-14.505218,23.237938
-15.366603,23.2386
-15.342874,23.235943
-15.059959,23.233234
-15.382533,23.303267
-15.356702,23.371227
-15.298157,23.286678
-14.997876,23.212597
-15.725953,23.270065
-15.723562,23.294168
-15.71991,23.298336
-15.870151,23.275452
-16.22573,23.473629
-16.244738,23.490322
-16.049088,23.232336
-16.264835,23.55506
-16.1695,23.50492
-16.222137,23.254929
-16.225863,23.273754
-16.276257,23.493462
-16.295313,23.493736
-16.35029,23.398424
-16.30471,23.517305
-16.309055,23.437063
-16.279778,23.505085
-16.26605,23.211672
-16.239658,23.223984
-17.2642,23.110374
-16.506905,23.213125
-17.188297,23.15623
-17.247015,23.109488
-17.171875,23.19754
-17.080505,23.173819
-17.315226,23.131195
-17.229294,23.100122
-17.904884,23.182617
-18.169113,23.306744
-18.222548,23.25741
-18.292797,23.26106
-18.26869,23.240013
-18.264587,23.242392
-18.264206,23.240501
-18.292028,23.268091
-18.250116,23.252298
-18.267706,23.261114
