,sc_id,spot,corr,celltype
0,cell_347,spot_91,0.8095592127697064,ExcitatoryL2and3
1,cell_1155,spot_91,0.8095592127697064,ExcitatoryL2and3
2,cell_982,spot_91,0.8095592127697064,ExcitatoryL2and3
3,cell_372,spot_91,0.8095592127697064,ExcitatoryL2and3
4,cell_1346,spot_91,0.8095592127697064,Other
5,cell_587,spot_91,0.8095592127697064,Other
6,cell_1155,spot_111,0.9032818965320274,ExcitatoryL2and3
7,cell_389,spot_111,0.9032818965320274,ExcitatoryL2and3
8,cell_803,spot_111,0.9032818965320274,ExcitatoryL2and3
9,cell_148,spot_111,0.9032818965320274,ExcitatoryL2and3
10,cell_982,spot_111,0.9032818965320274,ExcitatoryL2and3
11,cell_1470,spot_111,0.9032818965320274,ExcitatoryL2and3
12,cell_372,spot_111,0.9032818965320274,ExcitatoryL2and3
13,cell_711,spot_111,0.9032818965320274,ExcitatoryL2and3
14,cell_1065,spot_111,0.9032818965320274,ExcitatoryL2and3
15,cell_907,spot_111,0.9032818965320274,Other
16,cell_539,spot_111,0.9032818965320274,Other
17,cell_1037,spot_159,0.9085488345386966,Astro
18,cell_1392,spot_159,0.9085488345386966,Astro
19,cell_192,spot_159,0.9085488345386966,Astro
20,cell_1292,spot_159,0.9085488345386966,Astro
21,cell_443,spot_159,0.9085488345386966,Astro
22,cell_582,spot_159,0.9085488345386966,ExcitatoryL5
23,cell_778,spot_159,0.9085488345386966,ExcitatoryL5
24,cell_364,spot_159,0.9085488345386966,Endo
25,cell_430,spot_55,0.9185510874638052,Astro
26,cell_443,spot_55,0.9185510874638052,Astro
27,cell_587,spot_55,0.9185510874638052,Other
28,cell_37,spot_55,0.9185510874638052,Other
29,cell_1446,spot_55,0.9185510874638052,Vip
30,cell_111,spot_55,0.9185510874638052,Vip
31,cell_1448,spot_55,0.9185510874638052,Npy
32,cell_411,spot_55,0.9185510874638052,Npy
33,cell_670,spot_55,0.9185510874638052,Npy
34,cell_360,spot_41,0.9269596938794654,Astro
35,cell_912,spot_41,0.9269596938794654,Astro
36,cell_1398,spot_41,0.9269596938794654,Olig
37,cell_326,spot_41,0.9269596938794654,Olig
38,cell_129,spot_41,0.9269596938794654,Olig
39,cell_421,spot_41,0.9269596938794654,Olig
40,cell_1403,spot_41,0.9269596938794654,Olig
41,cell_1408,spot_41,0.9269596938794654,Endo
42,cell_1037,spot_100,0.8840669637845007,Astro
43,cell_1405,spot_100,0.8840669637845007,Astro
44,cell_1487,spot_100,0.8840669637845007,Olig
45,cell_1515,spot_100,0.8840669637845007,Pvalb
46,cell_1061,spot_100,0.8840669637845007,ExcitatoryL6
47,cell_1462,spot_100,0.8840669637845007,ExcitatoryL6
48,cell_215,spot_100,0.8840669637845007,ExcitatoryL6
49,cell_112,spot_100,0.8840669637845007,ExcitatoryL6
50,cell_374,spot_100,0.8840669637845007,ExcitatoryL6
51,cell_344,spot_100,0.8840669637845007,ExcitatoryL6
52,cell_1401,spot_100,0.8840669637845007,ExcitatoryL6
53,cell_1064,spot_100,0.8840669637845007,ExcitatoryL6
54,cell_985,spot_100,0.8840669637845007,ExcitatoryL6
55,cell_1037,spot_77,0.9250205816430994,Astro
56,cell_375,spot_77,0.9250205816430994,Astro
57,cell_764,spot_77,0.9250205816430994,Astro
58,cell_192,spot_77,0.9250205816430994,Astro
59,cell_522,spot_77,0.9250205816430994,Astro
60,cell_960,spot_77,0.9250205816430994,ExcitatoryL5
61,cell_1061,spot_77,0.9250205816430994,ExcitatoryL6
62,cell_1462,spot_77,0.9250205816430994,ExcitatoryL6
63,cell_1405,spot_163,0.9201248165681724,Astro
64,cell_705,spot_163,0.9201248165681724,Astro
65,cell_903,spot_163,0.9201248165681724,Sst
66,cell_389,spot_163,0.9201248165681724,ExcitatoryL2and3
67,cell_1442,spot_163,0.9201248165681724,ExcitatoryL2and3
68,cell_1489,spot_163,0.9201248165681724,Olig
69,cell_1360,spot_163,0.9201248165681724,Olig
70,cell_813,spot_163,0.9201248165681724,ExcitatoryL4
71,cell_993,spot_163,0.9201248165681724,ExcitatoryL4
72,cell_790,spot_163,0.9201248165681724,ExcitatoryL4
73,cell_665,spot_163,0.9201248165681724,ExcitatoryL4
74,cell_477,spot_163,0.9201248165681724,ExcitatoryL4
75,cell_892,spot_163,0.9201248165681724,ExcitatoryL4
76,cell_129,spot_98,0.7960978916228812,Olig
77,cell_1398,spot_98,0.7960978916228812,Olig
78,cell_1403,spot_98,0.7960978916228812,Olig
79,cell_326,spot_98,0.7960978916228812,Olig
80,cell_520,spot_98,0.7960978916228812,Micro
81,cell_900,spot_98,0.7960978916228812,ExcitatoryL6
82,cell_1091,spot_98,0.7960978916228812,ExcitatoryL6
83,cell_125,spot_98,0.7960978916228812,ExcitatoryL6
84,cell_1350,spot_119,0.891184016363822,Astro
85,cell_1061,spot_119,0.891184016363822,ExcitatoryL6
86,cell_1462,spot_119,0.891184016363822,ExcitatoryL6
87,cell_713,spot_119,0.891184016363822,ExcitatoryL6
88,cell_351,spot_119,0.891184016363822,ExcitatoryL6
89,cell_1401,spot_119,0.891184016363822,ExcitatoryL6
90,cell_2,spot_119,0.891184016363822,ExcitatoryL6
91,cell_112,spot_119,0.891184016363822,ExcitatoryL6
92,cell_1027,spot_119,0.891184016363822,ExcitatoryL6
93,cell_1287,spot_119,0.891184016363822,ExcitatoryL6
94,cell_1064,spot_119,0.891184016363822,ExcitatoryL6
95,cell_901,spot_50,0.861681892379353,Endo
96,cell_364,spot_50,0.861681892379353,Endo
97,cell_813,spot_50,0.861681892379353,ExcitatoryL4
98,cell_993,spot_50,0.861681892379353,ExcitatoryL4
99,cell_790,spot_50,0.861681892379353,ExcitatoryL4
100,cell_513,spot_50,0.861681892379353,ExcitatoryL4
101,cell_363,spot_50,0.861681892379353,ExcitatoryL4
102,cell_914,spot_50,0.861681892379353,ExcitatoryL4
103,cell_477,spot_50,0.861681892379353,ExcitatoryL4
104,cell_1165,spot_50,0.861681892379353,Pvalb
105,cell_1037,spot_62,0.8791443786216325,Astro
106,cell_635,spot_62,0.8791443786216325,ExcitatoryL5
107,cell_587,spot_62,0.8791443786216325,Other
108,cell_37,spot_62,0.8791443786216325,Other
109,cell_1061,spot_62,0.8791443786216325,ExcitatoryL6
110,cell_1426,spot_62,0.8791443786216325,ExcitatoryL6
111,cell_1295,spot_62,0.8791443786216325,ExcitatoryL6
112,cell_787,spot_62,0.8791443786216325,ExcitatoryL6
113,cell_546,spot_34,0.8538424044966257,Astro
114,cell_1155,spot_34,0.8538424044966257,ExcitatoryL2and3
115,cell_372,spot_34,0.8538424044966257,ExcitatoryL2and3
116,cell_389,spot_34,0.8538424044966257,ExcitatoryL2and3
117,cell_982,spot_34,0.8538424044966257,ExcitatoryL2and3
118,cell_347,spot_34,0.8538424044966257,ExcitatoryL2and3
119,cell_299,spot_34,0.8538424044966257,ExcitatoryL2and3
120,cell_901,spot_34,0.8538424044966257,Endo
121,cell_330,spot_34,0.8538424044966257,Endo
122,cell_216,spot_34,0.8538424044966257,Endo
123,cell_239,spot_34,0.8538424044966257,Endo
124,cell_1442,spot_184,0.899573942801938,ExcitatoryL2and3
125,cell_299,spot_184,0.899573942801938,ExcitatoryL2and3
126,cell_347,spot_184,0.899573942801938,ExcitatoryL2and3
127,cell_1293,spot_184,0.899573942801938,ExcitatoryL2and3
128,cell_372,spot_184,0.899573942801938,ExcitatoryL2and3
129,cell_389,spot_184,0.899573942801938,ExcitatoryL2and3
130,cell_170,spot_184,0.899573942801938,Other
131,cell_397,spot_184,0.899573942801938,Other
132,cell_1446,spot_184,0.899573942801938,Vip
133,cell_1156,spot_145,0.9179590985638897,Astro
134,cell_705,spot_145,0.9179590985638897,Astro
135,cell_230,spot_145,0.9179590985638897,Astro
136,cell_347,spot_145,0.9179590985638897,ExcitatoryL2and3
137,cell_1442,spot_145,0.9179590985638897,ExcitatoryL2and3
138,cell_1065,spot_145,0.9179590985638897,ExcitatoryL2and3
139,cell_1470,spot_145,0.9179590985638897,ExcitatoryL2and3
140,cell_987,spot_145,0.9179590985638897,ExcitatoryL2and3
141,cell_1184,spot_145,0.9179590985638897,ExcitatoryL2and3
142,cell_813,spot_145,0.9179590985638897,ExcitatoryL4
143,cell_1165,spot_145,0.9179590985638897,Pvalb
144,cell_80,spot_109,0.8824584971641243,ExcitatoryL2and3
145,cell_990,spot_109,0.8824584971641243,ExcitatoryL2and3
146,cell_148,spot_109,0.8824584971641243,ExcitatoryL2and3
147,cell_982,spot_109,0.8824584971641243,ExcitatoryL2and3
148,cell_626,spot_109,0.8824584971641243,ExcitatoryL2and3
149,cell_246,spot_109,0.8824584971641243,ExcitatoryL2and3
150,cell_163,spot_109,0.8824584971641243,ExcitatoryL2and3
151,cell_1155,spot_109,0.8824584971641243,ExcitatoryL2and3
152,cell_1026,spot_109,0.8824584971641243,ExcitatoryL2and3
153,cell_233,spot_109,0.8824584971641243,ExcitatoryL2and3
154,cell_17,spot_109,0.8824584971641243,ExcitatoryL2and3
155,cell_111,spot_109,0.8824584971641243,Vip
156,cell_1446,spot_109,0.8824584971641243,Vip
157,cell_1226,spot_26,0.8968831563286056,ExcitatoryL5
158,cell_778,spot_26,0.8968831563286056,ExcitatoryL5
159,cell_1490,spot_26,0.8968831563286056,ExcitatoryL2and3
160,cell_298,spot_26,0.8968831563286056,Endo
161,cell_215,spot_26,0.8968831563286056,ExcitatoryL6
162,cell_344,spot_26,0.8968831563286056,ExcitatoryL6
163,cell_1462,spot_26,0.8968831563286056,ExcitatoryL6
164,cell_473,spot_26,0.8968831563286056,ExcitatoryL6
165,cell_1061,spot_26,0.8968831563286056,ExcitatoryL6
166,cell_112,spot_26,0.8968831563286056,ExcitatoryL6
167,cell_374,spot_26,0.8968831563286056,ExcitatoryL6
168,cell_1459,spot_37,0.8703276695804936,Astro
169,cell_188,spot_37,0.8703276695804936,Astro
170,cell_210,spot_37,0.8703276695804936,Endo
171,cell_297,spot_37,0.8703276695804936,Endo
172,cell_274,spot_37,0.8703276695804936,Endo
173,cell_216,spot_37,0.8703276695804936,Endo
174,cell_364,spot_37,0.8703276695804936,Endo
175,cell_778,spot_39,0.7795548852340791,ExcitatoryL5
176,cell_585,spot_39,0.7795548852340791,ExcitatoryL5
177,cell_1417,spot_39,0.7795548852340791,Olig
178,cell_1487,spot_39,0.7795548852340791,Olig
179,cell_874,spot_39,0.7795548852340791,Olig
180,cell_1403,spot_39,0.7795548852340791,Olig
181,cell_1495,spot_185,0.9330379282472626,Astro
182,cell_1086,spot_185,0.9330379282472626,ExcitatoryL2and3
183,cell_1429,spot_185,0.9330379282472626,ExcitatoryL2and3
184,cell_34,spot_185,0.9330379282472626,ExcitatoryL2and3
185,cell_417,spot_185,0.9330379282472626,ExcitatoryL2and3
186,cell_1448,spot_185,0.9330379282472626,Npy
187,cell_793,spot_185,0.9330379282472626,Npy
188,cell_835,spot_185,0.9330379282472626,Pvalb
189,cell_468,spot_185,0.9330379282472626,Pvalb
190,cell_307,spot_24,0.9254347636941516,Astro
191,cell_685,spot_24,0.9254347636941516,Sst
192,cell_539,spot_24,0.9254347636941516,Other
193,cell_111,spot_24,0.9254347636941516,Vip
194,cell_1130,spot_24,0.9254347636941516,ExcitatoryL6
195,cell_1426,spot_24,0.9254347636941516,ExcitatoryL6
196,cell_1272,spot_24,0.9254347636941516,ExcitatoryL6
197,cell_215,spot_24,0.9254347636941516,ExcitatoryL6
198,cell_224,spot_24,0.9254347636941516,ExcitatoryL6
199,cell_1261,spot_24,0.9254347636941516,ExcitatoryL6
200,cell_593,spot_75,0.942217917069979,Astro
201,cell_1265,spot_75,0.942217917069979,Astro
202,cell_1487,spot_75,0.942217917069979,Olig
203,cell_591,spot_75,0.942217917069979,Olig
204,cell_590,spot_73,0.9023845224412497,ExcitatoryL2and3
205,cell_1442,spot_73,0.9023845224412497,ExcitatoryL2and3
206,cell_1470,spot_73,0.9023845224412497,ExcitatoryL2and3
207,cell_148,spot_73,0.9023845224412497,ExcitatoryL2and3
208,cell_80,spot_73,0.9023845224412497,ExcitatoryL2and3
209,cell_372,spot_73,0.9023845224412497,ExcitatoryL2and3
210,cell_18,spot_73,0.9023845224412497,ExcitatoryL2and3
211,cell_32,spot_73,0.9023845224412497,ExcitatoryL2and3
212,cell_1480,spot_73,0.9023845224412497,ExcitatoryL2and3
213,cell_419,spot_73,0.9023845224412497,ExcitatoryL2and3
214,cell_990,spot_73,0.9023845224412497,ExcitatoryL2and3
215,cell_901,spot_73,0.9023845224412497,Endo
216,cell_365,spot_73,0.9023845224412497,Endo
217,cell_1226,spot_180,0.8803008251597731,ExcitatoryL5
218,cell_582,spot_180,0.8803008251597731,ExcitatoryL5
219,cell_685,spot_180,0.8803008251597731,Sst
220,cell_283,spot_180,0.8803008251597731,Endo
221,cell_813,spot_180,0.8803008251597731,ExcitatoryL4
222,cell_721,spot_180,0.8803008251597731,ExcitatoryL4
223,cell_1515,spot_180,0.8803008251597731,Pvalb
224,cell_215,spot_180,0.8803008251597731,ExcitatoryL6
225,cell_1088,spot_85,0.8817307604006807,ExcitatoryL5
226,cell_1342,spot_85,0.8817307604006807,ExcitatoryL5
227,cell_1489,spot_85,0.8817307604006807,Olig
228,cell_1380,spot_85,0.8817307604006807,Endo
229,cell_993,spot_85,0.8817307604006807,ExcitatoryL4
230,cell_813,spot_85,0.8817307604006807,ExcitatoryL4
231,cell_1061,spot_85,0.8817307604006807,ExcitatoryL6
232,cell_831,spot_85,0.8817307604006807,ExcitatoryL6
233,cell_739,spot_85,0.8817307604006807,ExcitatoryL6
234,cell_691,spot_85,0.8817307604006807,ExcitatoryL6
235,cell_903,spot_11,0.8874946408449287,Sst
236,cell_330,spot_11,0.8874946408449287,Endo
237,cell_820,spot_11,0.8874946408449287,Endo
238,cell_993,spot_11,0.8874946408449287,ExcitatoryL4
239,cell_1192,spot_11,0.8874946408449287,ExcitatoryL4
240,cell_348,spot_11,0.8874946408449287,ExcitatoryL4
241,cell_567,spot_11,0.8874946408449287,ExcitatoryL4
242,cell_790,spot_11,0.8874946408449287,ExcitatoryL4
243,cell_219,spot_11,0.8874946408449287,ExcitatoryL4
244,cell_892,spot_11,0.8874946408449287,ExcitatoryL4
245,cell_4,spot_11,0.8874946408449287,ExcitatoryL4
246,cell_409,spot_57,0.808416274586881,Other
247,cell_1346,spot_57,0.808416274586881,Other
248,cell_698,spot_57,0.808416274586881,Olig
249,cell_1487,spot_57,0.808416274586881,Olig
250,cell_631,spot_57,0.808416274586881,HPC
251,cell_401,spot_57,0.808416274586881,HPC
252,cell_387,spot_57,0.808416274586881,HPC
253,cell_955,spot_188,0.8338579253247426,Astro
254,cell_1264,spot_188,0.8338579253247426,Astro
255,cell_1265,spot_188,0.8338579253247426,Astro
256,cell_1065,spot_89,0.9067736814372124,ExcitatoryL2and3
257,cell_389,spot_89,0.9067736814372124,ExcitatoryL2and3
258,cell_299,spot_89,0.9067736814372124,ExcitatoryL2and3
259,cell_696,spot_89,0.9067736814372124,Olig
260,cell_884,spot_89,0.9067736814372124,Olig
261,cell_572,spot_89,0.9067736814372124,Olig
262,cell_901,spot_89,0.9067736814372124,Endo
263,cell_813,spot_89,0.9067736814372124,ExcitatoryL4
264,cell_665,spot_89,0.9067736814372124,ExcitatoryL4
265,cell_129,spot_135,0.9127117353941389,Olig
266,cell_1417,spot_135,0.9127117353941389,Olig
267,cell_439,spot_135,0.9127117353941389,Olig
268,cell_396,spot_135,0.9127117353941389,Olig
269,cell_322,spot_135,0.9127117353941389,Olig
270,cell_1398,spot_135,0.9127117353941389,Olig
271,cell_1235,spot_135,0.9127117353941389,Olig
272,cell_1403,spot_135,0.9127117353941389,Olig
273,cell_326,spot_135,0.9127117353941389,Olig
274,cell_1380,spot_48,0.8738337524751904,Endo
275,cell_365,spot_48,0.8738337524751904,Endo
276,cell_715,spot_48,0.8738337524751904,Endo
277,cell_477,spot_48,0.8738337524751904,ExcitatoryL4
278,cell_993,spot_48,0.8738337524751904,ExcitatoryL4
279,cell_1124,spot_48,0.8738337524751904,ExcitatoryL4
280,cell_362,spot_48,0.8738337524751904,Pvalb
281,cell_1165,spot_48,0.8738337524751904,Pvalb
282,cell_831,spot_48,0.8738337524751904,ExcitatoryL6
283,cell_1061,spot_48,0.8738337524751904,ExcitatoryL6
284,cell_360,spot_115,0.8783445092714549,Astro
285,cell_808,spot_115,0.8783445092714549,Astro
286,cell_966,spot_115,0.8783445092714549,Astro
287,cell_959,spot_115,0.8783445092714549,Astro
288,cell_1141,spot_115,0.8783445092714549,Sst
289,cell_421,spot_115,0.8783445092714549,Olig
290,cell_335,spot_115,0.8783445092714549,Olig
291,cell_1047,spot_115,0.8783445092714549,ExcitatoryL6
292,cell_705,spot_123,0.9112748568431118,Astro
293,cell_546,spot_123,0.9112748568431118,Astro
294,cell_724,spot_123,0.9112748568431118,ExcitatoryL5
295,cell_752,spot_123,0.9112748568431118,ExcitatoryL5
296,cell_513,spot_123,0.9112748568431118,ExcitatoryL4
297,cell_813,spot_123,0.9112748568431118,ExcitatoryL4
298,cell_905,spot_123,0.9112748568431118,ExcitatoryL4
299,cell_413,spot_123,0.9112748568431118,Micro
300,cell_1085,spot_123,0.9112748568431118,Micro
301,cell_112,spot_123,0.9112748568431118,ExcitatoryL6
302,cell_440,spot_123,0.9112748568431118,ExcitatoryL6
303,cell_1186,spot_123,0.9112748568431118,ExcitatoryL6
304,cell_1454,spot_123,0.9112748568431118,ExcitatoryL6
305,cell_1350,spot_71,0.8979585435288335,Astro
306,cell_1405,spot_71,0.8979585435288335,Astro
307,cell_920,spot_71,0.8979585435288335,ExcitatoryL2and3
308,cell_347,spot_71,0.8979585435288335,ExcitatoryL2and3
309,cell_1293,spot_71,0.8979585435288335,ExcitatoryL2and3
310,cell_626,spot_71,0.8979585435288335,ExcitatoryL2and3
311,cell_1066,spot_71,0.8979585435288335,ExcitatoryL2and3
312,cell_1168,spot_71,0.8979585435288335,ExcitatoryL2and3
313,cell_982,spot_71,0.8979585435288335,ExcitatoryL2and3
314,cell_1446,spot_71,0.8979585435288335,Vip
315,cell_364,spot_71,0.8979585435288335,Endo
316,cell_1227,spot_71,0.8979585435288335,Endo
317,cell_1169,spot_149,0.8904309681877274,ExcitatoryL2and3
318,cell_1155,spot_149,0.8904309681877274,ExcitatoryL2and3
319,cell_246,spot_149,0.8904309681877274,ExcitatoryL2and3
320,cell_1470,spot_149,0.8904309681877274,ExcitatoryL2and3
321,cell_1442,spot_149,0.8904309681877274,ExcitatoryL2and3
322,cell_299,spot_149,0.8904309681877274,ExcitatoryL2and3
323,cell_17,spot_149,0.8904309681877274,ExcitatoryL2and3
324,cell_389,spot_149,0.8904309681877274,ExcitatoryL2and3
325,cell_1151,spot_149,0.8904309681877274,ExcitatoryL2and3
326,cell_192,spot_28,0.9118632052389293,Astro
327,cell_1088,spot_28,0.9118632052389293,ExcitatoryL5
328,cell_903,spot_28,0.9118632052389293,Sst
329,cell_248,spot_28,0.9118632052389293,ExcitatoryL2and3
330,cell_698,spot_28,0.9118632052389293,Olig
331,cell_1519,spot_28,0.9118632052389293,Olig
332,cell_210,spot_28,0.9118632052389293,Endo
333,cell_135,spot_28,0.9118632052389293,ExcitatoryL6
334,cell_1156,spot_181,0.9097934483355667,Astro
335,cell_1405,spot_181,0.9097934483355667,Astro
336,cell_1494,spot_181,0.9097934483355667,ExcitatoryL5
337,cell_582,spot_181,0.9097934483355667,ExcitatoryL5
338,cell_1410,spot_181,0.9097934483355667,ExcitatoryL4
339,cell_1094,spot_181,0.9097934483355667,ExcitatoryL4
340,cell_1143,spot_181,0.9097934483355667,ExcitatoryL4
341,cell_633,spot_181,0.9097934483355667,ExcitatoryL4
342,cell_1477,spot_181,0.9097934483355667,ExcitatoryL4
343,cell_183,spot_181,0.9097934483355667,ExcitatoryL4
344,cell_542,spot_181,0.9097934483355667,ExcitatoryL4
345,cell_430,spot_86,0.9214468549932946,Astro
346,cell_960,spot_86,0.9214468549932946,ExcitatoryL5
347,cell_1269,spot_86,0.9214468549932946,Sst
348,cell_1485,spot_86,0.9214468549932946,Sst
349,cell_1489,spot_86,0.9214468549932946,Olig
350,cell_1231,spot_86,0.9214468549932946,Endo
351,cell_993,spot_86,0.9214468549932946,ExcitatoryL4
352,cell_914,spot_86,0.9214468549932946,ExcitatoryL4
353,cell_790,spot_86,0.9214468549932946,ExcitatoryL4
354,cell_721,spot_86,0.9214468549932946,ExcitatoryL4
355,cell_942,spot_86,0.9214468549932946,ExcitatoryL4
356,cell_348,spot_86,0.9214468549932946,ExcitatoryL4
357,cell_233,spot_53,0.9283868853783376,ExcitatoryL2and3
358,cell_18,spot_53,0.9283868853783376,ExcitatoryL2and3
359,cell_1480,spot_53,0.9283868853783376,ExcitatoryL2and3
360,cell_80,spot_53,0.9283868853783376,ExcitatoryL2and3
361,cell_141,spot_53,0.9283868853783376,ExcitatoryL2and3
362,cell_372,spot_53,0.9283868853783376,ExcitatoryL2and3
363,cell_1521,spot_53,0.9283868853783376,ExcitatoryL2and3
364,cell_148,spot_53,0.9283868853783376,ExcitatoryL2and3
365,cell_1446,spot_53,0.9283868853783376,Vip
366,cell_111,spot_53,0.9283868853783376,Vip
367,cell_451,spot_53,0.9283868853783376,Vip
368,cell_572,spot_53,0.9283868853783376,Olig
369,cell_36,spot_17,0.9210975807699133,ExcitatoryL2and3
370,cell_1155,spot_17,0.9210975807699133,ExcitatoryL2and3
371,cell_803,spot_17,0.9210975807699133,ExcitatoryL2and3
372,cell_1169,spot_17,0.9210975807699133,ExcitatoryL2and3
373,cell_711,spot_17,0.9210975807699133,ExcitatoryL2and3
374,cell_163,spot_17,0.9210975807699133,ExcitatoryL2and3
375,cell_931,spot_17,0.9210975807699133,Vip
376,cell_82,spot_17,0.9210975807699133,Vip
377,cell_901,spot_17,0.9210975807699133,Endo
378,cell_222,spot_17,0.9210975807699133,Endo
379,cell_1350,spot_108,0.9209913421137627,Astro
380,cell_913,spot_108,0.9209913421137627,Astro
381,cell_996,spot_108,0.9209913421137627,Astro
382,cell_1327,spot_108,0.9209913421137627,ExcitatoryL2and3
383,cell_920,spot_108,0.9209913421137627,ExcitatoryL2and3
384,cell_987,spot_108,0.9209913421137627,ExcitatoryL2and3
385,cell_1168,spot_108,0.9209913421137627,ExcitatoryL2and3
386,cell_898,spot_108,0.9209913421137627,ExcitatoryL2and3
387,cell_1442,spot_108,0.9209913421137627,ExcitatoryL2and3
388,cell_347,spot_108,0.9209913421137627,ExcitatoryL2and3
389,cell_208,spot_108,0.9209913421137627,ExcitatoryL2and3
390,cell_32,spot_108,0.9209913421137627,ExcitatoryL2and3
391,cell_1446,spot_108,0.9209913421137627,Vip
392,cell_546,spot_87,0.8839364279243755,Astro
393,cell_669,spot_87,0.8839364279243755,ExcitatoryL4
394,cell_665,spot_87,0.8839364279243755,ExcitatoryL4
395,cell_965,spot_87,0.8839364279243755,ExcitatoryL4
396,cell_1013,spot_87,0.8839364279243755,ExcitatoryL4
397,cell_1393,spot_87,0.8839364279243755,ExcitatoryL4
398,cell_1274,spot_87,0.8839364279243755,ExcitatoryL4
399,cell_1028,spot_87,0.8839364279243755,ExcitatoryL4
400,cell_940,spot_87,0.8839364279243755,ExcitatoryL4
401,cell_1291,spot_87,0.8839364279243755,ExcitatoryL4
402,cell_1193,spot_87,0.8839364279243755,ExcitatoryL4
403,cell_1293,spot_43,0.91343037372836,ExcitatoryL2and3
404,cell_1481,spot_43,0.91343037372836,Endo
405,cell_1130,spot_43,0.91343037372836,ExcitatoryL6
406,cell_1497,spot_43,0.91343037372836,ExcitatoryL6
407,cell_1064,spot_43,0.91343037372836,ExcitatoryL6
408,cell_1055,spot_43,0.91343037372836,ExcitatoryL6
409,cell_787,spot_43,0.91343037372836,ExcitatoryL6
410,cell_1058,spot_43,0.91343037372836,ExcitatoryL6
411,cell_131,spot_43,0.91343037372836,ExcitatoryL6
412,cell_742,spot_43,0.91343037372836,ExcitatoryL6
413,cell_525,spot_117,0.8839925057182806,Olig
414,cell_1519,spot_117,0.8839925057182806,Olig
415,cell_1047,spot_117,0.8839925057182806,ExcitatoryL6
416,cell_1365,spot_117,0.8839925057182806,ExcitatoryL6
417,cell_51,spot_117,0.8839925057182806,ExcitatoryL6
418,cell_824,spot_117,0.8839925057182806,ExcitatoryL6
419,cell_1401,spot_117,0.8839925057182806,ExcitatoryL6
420,cell_351,spot_117,0.8839925057182806,ExcitatoryL6
421,cell_992,spot_117,0.8839925057182806,ExcitatoryL6
422,cell_125,spot_117,0.8839925057182806,ExcitatoryL6
423,cell_987,spot_51,0.9334650683108807,ExcitatoryL2and3
424,cell_1065,spot_51,0.9334650683108807,ExcitatoryL2and3
425,cell_347,spot_51,0.9334650683108807,ExcitatoryL2and3
426,cell_389,spot_51,0.9334650683108807,ExcitatoryL2and3
427,cell_1026,spot_51,0.9334650683108807,ExcitatoryL2and3
428,cell_514,spot_51,0.9334650683108807,Endo
429,cell_901,spot_51,0.9334650683108807,Endo
430,cell_1380,spot_51,0.9334650683108807,Endo
431,cell_411,spot_51,0.9334650683108807,Npy
432,cell_670,spot_51,0.9334650683108807,Npy
433,cell_362,spot_51,0.9334650683108807,Pvalb
434,cell_982,spot_128,0.9310577390847551,ExcitatoryL2and3
435,cell_1293,spot_128,0.9310577390847551,ExcitatoryL2and3
436,cell_527,spot_128,0.9310577390847551,ExcitatoryL2and3
437,cell_299,spot_128,0.9310577390847551,ExcitatoryL2and3
438,cell_246,spot_128,0.9310577390847551,ExcitatoryL2and3
439,cell_1155,spot_128,0.9310577390847551,ExcitatoryL2and3
440,cell_994,spot_128,0.9310577390847551,ExcitatoryL2and3
441,cell_1118,spot_128,0.9310577390847551,Endo
442,cell_833,spot_128,0.9310577390847551,Pvalb
443,cell_474,spot_128,0.9310577390847551,Pvalb
444,cell_447,spot_56,0.9137225810876001,Astro
445,cell_122,spot_56,0.9137225810876001,Astro
446,cell_522,spot_56,0.9137225810876001,Astro
447,cell_274,spot_56,0.9137225810876001,Endo
448,cell_446,spot_56,0.9137225810876001,Endo
449,cell_234,spot_56,0.9137225810876001,Endo
450,cell_698,spot_67,0.9358649256441971,Olig
451,cell_452,spot_67,0.9358649256441971,Olig
452,cell_941,spot_67,0.9358649256441971,Endo
453,cell_363,spot_67,0.9358649256441971,ExcitatoryL4
454,cell_633,spot_67,0.9358649256441971,ExcitatoryL4
455,cell_1192,spot_67,0.9358649256441971,ExcitatoryL4
456,cell_611,spot_67,0.9358649256441971,ExcitatoryL4
457,cell_1094,spot_67,0.9358649256441971,ExcitatoryL4
458,cell_1149,spot_67,0.9358649256441971,ExcitatoryL4
459,cell_985,spot_67,0.9358649256441971,ExcitatoryL6
460,cell_1462,spot_67,0.9358649256441971,ExcitatoryL6
461,cell_196,spot_47,0.9232561330084497,ExcitatoryL5
462,cell_606,spot_47,0.9232561330084497,ExcitatoryL5
463,cell_580,spot_47,0.9232561330084497,ExcitatoryL5
464,cell_1222,spot_47,0.9232561330084497,ExcitatoryL5
465,cell_752,spot_47,0.9232561330084497,ExcitatoryL5
466,cell_370,spot_47,0.9232561330084497,Vip
467,cell_931,spot_47,0.9232561330084497,Vip
468,cell_972,spot_47,0.9232561330084497,Endo
469,cell_83,spot_47,0.9232561330084497,ExcitatoryL6
470,cell_473,spot_47,0.9232561330084497,ExcitatoryL6
471,cell_360,spot_21,0.8608213761731486,Astro
472,cell_129,spot_21,0.8608213761731486,Olig
473,cell_326,spot_21,0.8608213761731486,Olig
474,cell_1417,spot_21,0.8608213761731486,Olig
475,cell_874,spot_21,0.8608213761731486,Olig
476,cell_439,spot_21,0.8608213761731486,Olig
477,cell_1398,spot_21,0.8608213761731486,Olig
478,cell_960,spot_63,0.9391113166157377,ExcitatoryL5
479,cell_1088,spot_63,0.9391113166157377,ExcitatoryL5
480,cell_556,spot_63,0.9391113166157377,Sst
481,cell_713,spot_63,0.9391113166157377,ExcitatoryL6
482,cell_925,spot_63,0.9391113166157377,ExcitatoryL6
483,cell_697,spot_63,0.9391113166157377,ExcitatoryL6
484,cell_1272,spot_63,0.9391113166157377,ExcitatoryL6
485,cell_1055,spot_63,0.9391113166157377,ExcitatoryL6
486,cell_400,spot_63,0.9391113166157377,ExcitatoryL6
487,cell_1027,spot_63,0.9391113166157377,ExcitatoryL6
488,cell_689,spot_90,0.9171846665892535,ExcitatoryL2and3
489,cell_36,spot_90,0.9171846665892535,ExcitatoryL2and3
490,cell_506,spot_90,0.9171846665892535,ExcitatoryL2and3
491,cell_990,spot_90,0.9171846665892535,ExcitatoryL2and3
492,cell_419,spot_90,0.9171846665892535,ExcitatoryL2and3
493,cell_590,spot_90,0.9171846665892535,ExcitatoryL2and3
494,cell_977,spot_90,0.9171846665892535,ExcitatoryL2and3
495,cell_170,spot_90,0.9171846665892535,Other
496,cell_947,spot_90,0.9171846665892535,Other
497,cell_1189,spot_90,0.9171846665892535,Endo
498,cell_715,spot_90,0.9171846665892535,Endo
499,cell_230,spot_130,0.9230143085387416,Astro
500,cell_1001,spot_130,0.9230143085387416,ExcitatoryL2and3
501,cell_1229,spot_130,0.9230143085387416,ExcitatoryL2and3
502,cell_1065,spot_130,0.9230143085387416,ExcitatoryL2and3
503,cell_320,spot_130,0.9230143085387416,ExcitatoryL2and3
504,cell_248,spot_130,0.9230143085387416,ExcitatoryL2and3
505,cell_1019,spot_130,0.9230143085387416,Other
506,cell_239,spot_130,0.9230143085387416,Endo
507,cell_411,spot_130,0.9230143085387416,Npy
508,cell_1390,spot_162,0.8941627520655315,Astro
509,cell_441,spot_162,0.8941627520655315,Endo
510,cell_1291,spot_162,0.8941627520655315,ExcitatoryL4
511,cell_790,spot_162,0.8941627520655315,ExcitatoryL4
512,cell_1124,spot_162,0.8941627520655315,ExcitatoryL4
513,cell_1302,spot_162,0.8941627520655315,ExcitatoryL4
514,cell_477,spot_162,0.8941627520655315,ExcitatoryL4
515,cell_1274,spot_162,0.8941627520655315,ExcitatoryL4
516,cell_665,spot_162,0.8941627520655315,ExcitatoryL4
517,cell_877,spot_162,0.8941627520655315,ExcitatoryL4
518,cell_1490,spot_120,0.9226707257319272,ExcitatoryL2and3
519,cell_1062,spot_120,0.9226707257319272,Endo
520,cell_813,spot_120,0.9226707257319272,ExcitatoryL4
521,cell_1027,spot_120,0.9226707257319272,ExcitatoryL6
522,cell_1295,spot_120,0.9226707257319272,ExcitatoryL6
523,cell_848,spot_120,0.9226707257319272,ExcitatoryL6
524,cell_1287,spot_120,0.9226707257319272,ExcitatoryL6
525,cell_521,spot_120,0.9226707257319272,ExcitatoryL6
526,cell_184,spot_120,0.9226707257319272,ExcitatoryL6
527,cell_374,spot_120,0.9226707257319272,ExcitatoryL6
528,cell_564,spot_120,0.9226707257319272,ExcitatoryL6
529,cell_955,spot_169,0.8514722048071046,Astro
530,cell_1264,spot_169,0.8514722048071046,Astro
531,cell_1346,spot_169,0.8514722048071046,Other
532,cell_600,spot_169,0.8514722048071046,Other
533,cell_274,spot_169,0.8514722048071046,Endo
534,cell_127,spot_169,0.8514722048071046,Endo
535,cell_193,spot_169,0.8514722048071046,Endo
536,cell_203,spot_169,0.8514722048071046,Endo
537,cell_1449,spot_178,0.9414496913355627,ExcitatoryL5
538,cell_196,spot_178,0.9414496913355627,ExcitatoryL5
539,cell_1462,spot_178,0.9414496913355627,ExcitatoryL6
540,cell_1454,spot_178,0.9414496913355627,ExcitatoryL6
541,cell_1367,spot_178,0.9414496913355627,ExcitatoryL6
542,cell_1500,spot_178,0.9414496913355627,ExcitatoryL6
543,cell_230,spot_16,0.9190806941429103,Astro
544,cell_307,spot_16,0.9190806941429103,Astro
545,cell_1183,spot_16,0.9190806941429103,ExcitatoryL2and3
546,cell_17,spot_16,0.9190806941429103,ExcitatoryL2and3
547,cell_626,spot_16,0.9190806941429103,ExcitatoryL2and3
548,cell_1184,spot_16,0.9190806941429103,ExcitatoryL2and3
549,cell_1299,spot_16,0.9190806941429103,ExcitatoryL2and3
550,cell_111,spot_16,0.9190806941429103,Vip
551,cell_216,spot_16,0.9190806941429103,Endo
552,cell_1150,spot_16,0.9190806941429103,Endo
553,cell_364,spot_16,0.9190806941429103,Endo
554,cell_455,spot_54,0.9433642992563164,Sst
555,cell_1025,spot_54,0.9433642992563164,Sst
556,cell_377,spot_54,0.9433642992563164,ExcitatoryL2and3
557,cell_138,spot_54,0.9433642992563164,ExcitatoryL2and3
558,cell_18,spot_54,0.9433642992563164,ExcitatoryL2and3
559,cell_245,spot_54,0.9433642992563164,ExcitatoryL2and3
560,cell_590,spot_54,0.9433642992563164,ExcitatoryL2and3
561,cell_246,spot_54,0.9433642992563164,ExcitatoryL2and3
562,cell_141,spot_54,0.9433642992563164,ExcitatoryL2and3
563,cell_1385,spot_54,0.9433642992563164,ExcitatoryL2and3
564,cell_163,spot_54,0.9433642992563164,ExcitatoryL2and3
565,cell_451,spot_54,0.9433642992563164,Vip
566,cell_1111,spot_177,0.8921846742519015,ExcitatoryL5
567,cell_635,spot_177,0.8921846742519015,ExcitatoryL5
568,cell_1283,spot_177,0.8921846742519015,ExcitatoryL5
569,cell_1444,spot_177,0.8921846742519015,Pvalb
570,cell_474,spot_177,0.8921846742519015,Pvalb
571,cell_674,spot_177,0.8921846742519015,Pvalb
572,cell_1500,spot_177,0.8921846742519015,ExcitatoryL6
573,cell_1261,spot_177,0.8921846742519015,ExcitatoryL6
574,cell_1426,spot_177,0.8921846742519015,ExcitatoryL6
575,cell_833,spot_137,0.931197605957519,Pvalb
576,cell_344,spot_137,0.931197605957519,ExcitatoryL6
577,cell_575,spot_137,0.931197605957519,ExcitatoryL6
578,cell_1186,spot_137,0.931197605957519,ExcitatoryL6
579,cell_1370,spot_137,0.931197605957519,ExcitatoryL6
580,cell_848,spot_137,0.931197605957519,ExcitatoryL6
581,cell_1130,spot_137,0.931197605957519,ExcitatoryL6
582,cell_1348,spot_137,0.931197605957519,ExcitatoryL6
583,cell_1497,spot_137,0.931197605957519,ExcitatoryL6
584,cell_742,spot_137,0.931197605957519,ExcitatoryL6
585,cell_925,spot_137,0.931197605957519,ExcitatoryL6
586,cell_824,spot_137,0.931197605957519,ExcitatoryL6
587,cell_955,spot_1,0.9369224039742678,Astro
588,cell_443,spot_1,0.9369224039742678,Astro
589,cell_778,spot_1,0.9369224039742678,ExcitatoryL5
590,cell_582,spot_1,0.9369224039742678,ExcitatoryL5
591,cell_436,spot_1,0.9369224039742678,Sst
592,cell_1487,spot_1,0.9369224039742678,Olig
593,cell_127,spot_1,0.9369224039742678,Endo
594,cell_179,spot_1,0.9369224039742678,Endo
595,cell_1476,spot_1,0.9369224039742678,Micro
596,cell_135,spot_1,0.9369224039742678,ExcitatoryL6
597,cell_51,spot_1,0.9369224039742678,ExcitatoryL6
598,cell_658,spot_94,0.8600959088931549,Astro
599,cell_1177,spot_94,0.8600959088931549,Astro
600,cell_732,spot_94,0.8600959088931549,Olig
601,cell_1015,spot_94,0.8600959088931549,Olig
602,cell_1156,spot_92,0.9137967633977313,Astro
603,cell_1480,spot_92,0.9137967633977313,ExcitatoryL2and3
604,cell_711,spot_92,0.9137967633977313,ExcitatoryL2and3
605,cell_719,spot_92,0.9137967633977313,ExcitatoryL2and3
606,cell_1508,spot_92,0.9137967633977313,ExcitatoryL2and3
607,cell_655,spot_92,0.9137967633977313,ExcitatoryL2and3
608,cell_1122,spot_92,0.9137967633977313,ExcitatoryL2and3
609,cell_803,spot_92,0.9137967633977313,ExcitatoryL2and3
610,cell_1005,spot_92,0.9137967633977313,ExcitatoryL2and3
611,cell_36,spot_92,0.9137967633977313,ExcitatoryL2and3
612,cell_1026,spot_92,0.9137967633977313,ExcitatoryL2and3
613,cell_1037,spot_80,0.9289004206911488,Astro
614,cell_785,spot_80,0.9289004206911488,ExcitatoryL5
615,cell_606,spot_80,0.9289004206911488,ExcitatoryL5
616,cell_298,spot_80,0.9289004206911488,Endo
617,cell_297,spot_80,0.9289004206911488,Endo
618,cell_701,spot_80,0.9289004206911488,ExcitatoryL6
619,cell_697,spot_80,0.9289004206911488,ExcitatoryL6
620,cell_1401,spot_80,0.9289004206911488,ExcitatoryL6
621,cell_2,spot_80,0.9289004206911488,ExcitatoryL6
622,cell_605,spot_80,0.9289004206911488,ExcitatoryL6
623,cell_351,spot_80,0.9289004206911488,ExcitatoryL6
624,cell_1095,spot_80,0.9289004206911488,ExcitatoryL6
625,cell_724,spot_140,0.8780069987275142,ExcitatoryL5
626,cell_976,spot_140,0.8780069987275142,Pvalb
627,cell_1130,spot_140,0.8780069987275142,ExcitatoryL6
628,cell_457,spot_140,0.8780069987275142,ExcitatoryL6
629,cell_1209,spot_140,0.8780069987275142,ExcitatoryL6
630,cell_1064,spot_140,0.8780069987275142,ExcitatoryL6
631,cell_830,spot_140,0.8780069987275142,ExcitatoryL6
632,cell_112,spot_140,0.8780069987275142,ExcitatoryL6
633,cell_936,spot_83,0.909727169359672,Astro
634,cell_1342,spot_83,0.909727169359672,ExcitatoryL5
635,cell_675,spot_83,0.909727169359672,Sst
636,cell_551,spot_83,0.909727169359672,ExcitatoryL2and3
637,cell_972,spot_83,0.909727169359672,Endo
638,cell_283,spot_83,0.909727169359672,Endo
639,cell_413,spot_83,0.909727169359672,Micro
640,cell_674,spot_83,0.909727169359672,Pvalb
641,cell_412,spot_83,0.909727169359672,ExcitatoryL6
642,cell_612,spot_83,0.909727169359672,ExcitatoryL6
643,cell_360,spot_116,0.8912502638965627,Astro
644,cell_912,spot_116,0.8912502638965627,Astro
645,cell_129,spot_116,0.8912502638965627,Olig
646,cell_1297,spot_116,0.8912502638965627,Olig
647,cell_1206,spot_116,0.8912502638965627,Olig
648,cell_1067,spot_116,0.8912502638965627,Olig
649,cell_1501,spot_172,0.9219550919178948,Olig
650,cell_1487,spot_172,0.9219550919178948,Olig
651,cell_1381,spot_172,0.9219550919178948,Olig
652,cell_275,spot_172,0.9219550919178948,Olig
653,cell_525,spot_172,0.9219550919178948,Olig
654,cell_635,spot_118,0.9221135687824568,ExcitatoryL5
655,cell_1285,spot_118,0.9221135687824568,Olig
656,cell_979,spot_118,0.9221135687824568,ExcitatoryL6
657,cell_1365,spot_118,0.9221135687824568,ExcitatoryL6
658,cell_1295,spot_118,0.9221135687824568,ExcitatoryL6
659,cell_713,spot_118,0.9221135687824568,ExcitatoryL6
660,cell_131,spot_118,0.9221135687824568,ExcitatoryL6
661,cell_1275,spot_118,0.9221135687824568,ExcitatoryL6
662,cell_787,spot_118,0.9221135687824568,ExcitatoryL6
663,cell_29,spot_118,0.9221135687824568,ExcitatoryL6
664,cell_1272,spot_118,0.9221135687824568,ExcitatoryL6
665,cell_1267,spot_118,0.9221135687824568,ExcitatoryL6
666,cell_1066,spot_126,0.9595980270235644,ExcitatoryL2and3
667,cell_780,spot_126,0.9595980270235644,ExcitatoryL2and3
668,cell_442,spot_126,0.9595980270235644,ExcitatoryL2and3
669,cell_1065,spot_126,0.9595980270235644,ExcitatoryL2and3
670,cell_372,spot_126,0.9595980270235644,ExcitatoryL2and3
671,cell_589,spot_126,0.9595980270235644,ExcitatoryL2and3
672,cell_1521,spot_126,0.9595980270235644,ExcitatoryL2and3
673,cell_34,spot_126,0.9595980270235644,ExcitatoryL2and3
674,cell_208,spot_126,0.9595980270235644,ExcitatoryL2and3
675,cell_587,spot_126,0.9595980270235644,Other
676,cell_1143,spot_126,0.9595980270235644,ExcitatoryL4
677,cell_1205,spot_139,0.9189255563447304,ExcitatoryL5
678,cell_1144,spot_139,0.9189255563447304,ExcitatoryL5
679,cell_1088,spot_139,0.9189255563447304,ExcitatoryL5
680,cell_1184,spot_139,0.9189255563447304,ExcitatoryL2and3
681,cell_1198,spot_139,0.9189255563447304,ExcitatoryL2and3
682,cell_289,spot_139,0.9189255563447304,ExcitatoryL2and3
683,cell_1058,spot_139,0.9189255563447304,ExcitatoryL6
684,cell_985,spot_139,0.9189255563447304,ExcitatoryL6
685,cell_83,spot_139,0.9189255563447304,ExcitatoryL6
686,cell_739,spot_139,0.9189255563447304,ExcitatoryL6
687,cell_951,spot_139,0.9189255563447304,ExcitatoryL6
688,cell_473,spot_139,0.9189255563447304,ExcitatoryL6
689,cell_1321,spot_143,0.888349057651993,Astro
690,cell_1427,spot_143,0.888349057651993,Astro
691,cell_1330,spot_143,0.888349057651993,Olig
692,cell_1416,spot_143,0.888349057651993,Endo
693,cell_1231,spot_143,0.888349057651993,Endo
694,cell_914,spot_143,0.888349057651993,ExcitatoryL4
695,cell_28,spot_143,0.888349057651993,ExcitatoryL4
696,cell_219,spot_143,0.888349057651993,ExcitatoryL4
697,cell_993,spot_143,0.888349057651993,ExcitatoryL4
698,cell_892,spot_143,0.888349057651993,ExcitatoryL4
699,cell_1022,spot_143,0.888349057651993,ExcitatoryL4
700,cell_554,spot_60,0.8979135853232789,Olig
701,cell_571,spot_60,0.8979135853232789,Olig
702,cell_322,spot_60,0.8979135853232789,Olig
703,cell_1217,spot_60,0.8979135853232789,Olig
704,cell_396,spot_60,0.8979135853232789,Olig
705,cell_881,spot_60,0.8979135853232789,Olig
706,cell_520,spot_60,0.8979135853232789,Micro
707,cell_644,spot_60,0.8979135853232789,Npy
708,cell_1091,spot_60,0.8979135853232789,ExcitatoryL6
709,cell_685,spot_14,0.9376279652398083,Sst
710,cell_123,spot_14,0.9376279652398083,Sst
711,cell_148,spot_14,0.9376279652398083,ExcitatoryL2and3
712,cell_233,spot_14,0.9376279652398083,ExcitatoryL2and3
713,cell_80,spot_14,0.9376279652398083,ExcitatoryL2and3
714,cell_18,spot_14,0.9376279652398083,ExcitatoryL2and3
715,cell_782,spot_14,0.9376279652398083,ExcitatoryL2and3
716,cell_977,spot_14,0.9376279652398083,ExcitatoryL2and3
717,cell_141,spot_14,0.9376279652398083,ExcitatoryL2and3
718,cell_330,spot_14,0.9376279652398083,Endo
719,cell_424,spot_14,0.9376279652398083,Micro
720,cell_1141,spot_99,0.9341433935146732,Sst
721,cell_921,spot_99,0.9341433935146732,Olig
722,cell_1519,spot_99,0.9341433935146732,Olig
723,cell_824,spot_99,0.9341433935146732,ExcitatoryL6
724,cell_252,spot_99,0.9341433935146732,ExcitatoryL6
725,cell_553,spot_99,0.9341433935146732,ExcitatoryL6
726,cell_859,spot_99,0.9341433935146732,ExcitatoryL6
727,cell_215,spot_99,0.9341433935146732,ExcitatoryL6
728,cell_1287,spot_99,0.9341433935146732,ExcitatoryL6
729,cell_1370,spot_99,0.9341433935146732,ExcitatoryL6
730,cell_344,spot_99,0.9341433935146732,ExcitatoryL6
731,cell_188,spot_44,0.9291490225056701,Astro
732,cell_375,spot_44,0.9291490225056701,Astro
733,cell_64,spot_44,0.9291490225056701,Olig
734,cell_413,spot_44,0.9291490225056701,Micro
735,cell_464,spot_44,0.9291490225056701,Micro
736,cell_424,spot_44,0.9291490225056701,Micro
737,cell_427,spot_44,0.9291490225056701,Pvalb
738,cell_833,spot_44,0.9291490225056701,Pvalb
739,cell_1221,spot_44,0.9291490225056701,ExcitatoryL6
740,cell_2,spot_44,0.9291490225056701,ExcitatoryL6
741,cell_400,spot_44,0.9291490225056701,ExcitatoryL6
742,cell_14,spot_44,0.9291490225056701,ExcitatoryL6
743,cell_598,spot_44,0.9291490225056701,ExcitatoryL6
744,cell_701,spot_44,0.9291490225056701,ExcitatoryL6
745,cell_1403,spot_154,0.9237448029104318,Olig
746,cell_1417,spot_154,0.9237448029104318,Olig
747,cell_1381,spot_154,0.9237448029104318,Olig
748,cell_396,spot_154,0.9237448029104318,Olig
749,cell_1418,spot_154,0.9237448029104318,Olig
750,cell_1351,spot_154,0.9237448029104318,Olig
751,cell_439,spot_154,0.9237448029104318,Olig
752,cell_865,spot_154,0.9237448029104318,Olig
753,cell_1091,spot_154,0.9237448029104318,ExcitatoryL6
754,cell_1283,spot_157,0.9328097303659546,ExcitatoryL5
755,cell_1293,spot_157,0.9328097303659546,ExcitatoryL2and3
756,cell_1267,spot_157,0.9328097303659546,ExcitatoryL6
757,cell_258,spot_157,0.9328097303659546,ExcitatoryL6
758,cell_249,spot_157,0.9328097303659546,ExcitatoryL6
759,cell_1261,spot_157,0.9328097303659546,ExcitatoryL6
760,cell_1186,spot_157,0.9328097303659546,ExcitatoryL6
761,cell_575,spot_157,0.9328097303659546,ExcitatoryL6
762,cell_440,spot_157,0.9328097303659546,ExcitatoryL6
763,cell_1016,spot_157,0.9328097303659546,ExcitatoryL6
764,cell_1468,spot_29,0.9368693580741547,Astro
765,cell_173,spot_29,0.9368693580741547,Astro
766,cell_196,spot_29,0.9368693580741547,ExcitatoryL5
767,cell_273,spot_29,0.9368693580741547,Endo
768,cell_302,spot_29,0.9368693580741547,Endo
769,cell_298,spot_29,0.9368693580741547,Endo
770,cell_286,spot_29,0.9368693580741547,Endo
771,cell_265,spot_29,0.9368693580741547,Endo
772,cell_210,spot_29,0.9368693580741547,Endo
773,cell_549,spot_29,0.9368693580741547,ExcitatoryL4
774,cell_268,spot_29,0.9368693580741547,ExcitatoryL6
775,cell_1445,spot_179,0.950982819621338,ExcitatoryL5
776,cell_1226,spot_179,0.950982819621338,ExcitatoryL5
777,cell_1485,spot_179,0.950982819621338,Sst
778,cell_1489,spot_179,0.950982819621338,Olig
779,cell_1481,spot_179,0.950982819621338,Endo
780,cell_513,spot_179,0.950982819621338,ExcitatoryL4
781,cell_813,spot_179,0.950982819621338,ExcitatoryL4
782,cell_705,spot_148,0.9032633425318506,Astro
783,cell_1282,spot_148,0.9032633425318506,Astro
784,cell_1350,spot_148,0.9032633425318506,Astro
785,cell_1463,spot_148,0.9032633425318506,ExcitatoryL2and3
786,cell_1180,spot_148,0.9032633425318506,ExcitatoryL2and3
787,cell_607,spot_148,0.9032633425318506,ExcitatoryL2and3
788,cell_32,spot_148,0.9032633425318506,ExcitatoryL2and3
789,cell_1273,spot_148,0.9032633425318506,ExcitatoryL2and3
790,cell_1470,spot_148,0.9032633425318506,ExcitatoryL2and3
791,cell_533,spot_148,0.9032633425318506,ExcitatoryL2and3
792,cell_1327,spot_148,0.9032633425318506,ExcitatoryL2and3
793,cell_413,spot_148,0.9032633425318506,Micro
794,cell_982,spot_13,0.9312264556699787,ExcitatoryL2and3
795,cell_1168,spot_13,0.9312264556699787,ExcitatoryL2and3
796,cell_80,spot_13,0.9312264556699787,ExcitatoryL2and3
797,cell_32,spot_13,0.9312264556699787,ExcitatoryL2and3
798,cell_898,spot_13,0.9312264556699787,ExcitatoryL2and3
799,cell_450,spot_13,0.9312264556699787,Endo
800,cell_795,spot_13,0.9312264556699787,ExcitatoryL4
801,cell_542,spot_13,0.9312264556699787,ExcitatoryL4
802,cell_88,spot_13,0.9312264556699787,ExcitatoryL4
803,cell_669,spot_13,0.9312264556699787,ExcitatoryL4
804,cell_96,spot_46,0.9231694147031568,Astro
805,cell_960,spot_46,0.9231694147031568,ExcitatoryL5
806,cell_1342,spot_46,0.9231694147031568,ExcitatoryL5
807,cell_585,spot_46,0.9231694147031568,ExcitatoryL5
808,cell_586,spot_46,0.9231694147031568,ExcitatoryL5
809,cell_436,spot_46,0.9231694147031568,Sst
810,cell_648,spot_46,0.9231694147031568,Other
811,cell_1232,spot_46,0.9231694147031568,Olig
812,cell_464,spot_46,0.9231694147031568,Micro
813,cell_1061,spot_46,0.9231694147031568,ExcitatoryL6
814,cell_686,spot_46,0.9231694147031568,ExcitatoryL6
815,cell_122,spot_74,0.8445275517936592,Astro
816,cell_761,spot_74,0.8445275517936592,ExcitatoryL2and3
817,cell_1346,spot_74,0.8445275517936592,Other
818,cell_600,spot_74,0.8445275517936592,Other
819,cell_274,spot_74,0.8445275517936592,Endo
820,cell_624,spot_74,0.8445275517936592,Pvalb
821,cell_684,spot_84,0.934899982317469,ExcitatoryL5
822,cell_752,spot_84,0.934899982317469,ExcitatoryL5
823,cell_774,spot_84,0.934899982317469,ExcitatoryL5
824,cell_580,spot_84,0.934899982317469,ExcitatoryL5
825,cell_606,spot_84,0.934899982317469,ExcitatoryL5
826,cell_778,spot_84,0.934899982317469,ExcitatoryL5
827,cell_358,spot_84,0.934899982317469,ExcitatoryL5
828,cell_457,spot_84,0.934899982317469,ExcitatoryL6
829,cell_922,spot_84,0.934899982317469,ExcitatoryL6
830,cell_329,spot_176,0.9120684492448929,Astro
831,cell_936,spot_176,0.9120684492448929,Astro
832,cell_25,spot_176,0.9120684492448929,Astro
833,cell_875,spot_176,0.9120684492448929,Endo
834,cell_38,spot_176,0.9120684492448929,Endo
835,cell_1497,spot_176,0.9120684492448929,ExcitatoryL6
836,cell_742,spot_176,0.9120684492448929,ExcitatoryL6
837,cell_1426,spot_176,0.9120684492448929,ExcitatoryL6
838,cell_713,spot_176,0.9120684492448929,ExcitatoryL6
839,cell_1514,spot_176,0.9120684492448929,ExcitatoryL6
840,cell_1321,spot_160,0.9378022563457127,Astro
841,cell_724,spot_160,0.9378022563457127,ExcitatoryL5
842,cell_1373,spot_160,0.9378022563457127,ExcitatoryL5
843,cell_960,spot_160,0.9378022563457127,ExcitatoryL5
844,cell_1288,spot_160,0.9378022563457127,ExcitatoryL5
845,cell_1205,spot_160,0.9378022563457127,ExcitatoryL5
846,cell_358,spot_160,0.9378022563457127,ExcitatoryL5
847,cell_1269,spot_160,0.9378022563457127,Sst
848,cell_903,spot_160,0.9378022563457127,Sst
849,cell_792,spot_160,0.9378022563457127,Sst
850,cell_587,spot_160,0.9378022563457127,Other
851,cell_947,spot_160,0.9378022563457127,Other
852,cell_1428,spot_160,0.9378022563457127,Endo
853,cell_941,spot_160,0.9378022563457127,Endo
854,cell_226,spot_27,0.87685432332455,ExcitatoryL5
855,cell_217,spot_27,0.87685432332455,ExcitatoryL5
856,cell_251,spot_27,0.87685432332455,ExcitatoryL5
857,cell_120,spot_27,0.87685432332455,ExcitatoryL5
858,cell_1059,spot_27,0.87685432332455,Endo
859,cell_466,spot_27,0.87685432332455,Endo
860,cell_112,spot_27,0.87685432332455,ExcitatoryL6
861,cell_691,spot_27,0.87685432332455,ExcitatoryL6
862,cell_996,spot_129,0.9168587183777906,Astro
863,cell_430,spot_129,0.9168587183777906,Astro
864,cell_230,spot_129,0.9168587183777906,Astro
865,cell_1340,spot_129,0.9168587183777906,Sst
866,cell_792,spot_129,0.9168587183777906,Sst
867,cell_1017,spot_129,0.9168587183777906,ExcitatoryL2and3
868,cell_1169,spot_129,0.9168587183777906,ExcitatoryL2and3
869,cell_1480,spot_129,0.9168587183777906,ExcitatoryL2and3
870,cell_389,spot_129,0.9168587183777906,ExcitatoryL2and3
871,cell_987,spot_129,0.9168587183777906,ExcitatoryL2and3
872,cell_1151,spot_129,0.9168587183777906,ExcitatoryL2and3
873,cell_689,spot_129,0.9168587183777906,ExcitatoryL2and3
874,cell_711,spot_129,0.9168587183777906,ExcitatoryL2and3
875,cell_222,spot_129,0.9168587183777906,Endo
876,cell_923,spot_105,0.9490153018813227,Sst
877,cell_441,spot_105,0.9490153018813227,Endo
878,cell_942,spot_105,0.9490153018813227,ExcitatoryL4
879,cell_1013,spot_105,0.9490153018813227,ExcitatoryL4
880,cell_892,spot_105,0.9490153018813227,ExcitatoryL4
881,cell_1124,spot_105,0.9490153018813227,ExcitatoryL4
882,cell_348,spot_105,0.9490153018813227,ExcitatoryL4
883,cell_183,spot_105,0.9490153018813227,ExcitatoryL4
884,cell_721,spot_105,0.9490153018813227,ExcitatoryL4
885,cell_965,spot_105,0.9490153018813227,ExcitatoryL4
886,cell_877,spot_105,0.9490153018813227,ExcitatoryL4
887,cell_905,spot_105,0.9490153018813227,ExcitatoryL4
888,cell_1165,spot_105,0.9490153018813227,Pvalb
889,cell_252,spot_25,0.9432406428016711,ExcitatoryL6
890,cell_974,spot_25,0.9432406428016711,ExcitatoryL6
891,cell_87,spot_25,0.9432406428016711,ExcitatoryL6
892,cell_521,spot_25,0.9432406428016711,ExcitatoryL6
893,cell_374,spot_25,0.9432406428016711,ExcitatoryL6
894,cell_697,spot_25,0.9432406428016711,ExcitatoryL6
895,cell_1238,spot_25,0.9432406428016711,ExcitatoryL6
896,cell_564,spot_25,0.9432406428016711,ExcitatoryL6
897,cell_184,spot_25,0.9432406428016711,ExcitatoryL6
898,cell_787,spot_25,0.9432406428016711,ExcitatoryL6
899,cell_258,spot_25,0.9432406428016711,ExcitatoryL6
900,cell_318,spot_25,0.9432406428016711,ExcitatoryL6
901,cell_1035,spot_131,1.0,ExcitatoryL2and3
902,cell_875,spot_81,0.9035577022100826,Endo
903,cell_38,spot_81,0.9035577022100826,Endo
904,cell_224,spot_81,0.9035577022100826,ExcitatoryL6
905,cell_1367,spot_81,0.9035577022100826,ExcitatoryL6
906,cell_664,spot_81,0.9035577022100826,ExcitatoryL6
907,cell_1058,spot_81,0.9035577022100826,ExcitatoryL6
908,cell_1055,spot_81,0.9035577022100826,ExcitatoryL6
909,cell_1295,spot_81,0.9035577022100826,ExcitatoryL6
910,cell_350,spot_81,0.9035577022100826,ExcitatoryL6
911,cell_925,spot_81,0.9035577022100826,ExcitatoryL6
912,cell_1478,spot_175,0.9327416527134437,ExcitatoryL6
913,cell_1401,spot_175,0.9327416527134437,ExcitatoryL6
914,cell_1461,spot_175,0.9327416527134437,ExcitatoryL6
915,cell_2,spot_175,0.9327416527134437,ExcitatoryL6
916,cell_605,spot_175,0.9327416527134437,ExcitatoryL6
917,cell_1471,spot_175,0.9327416527134437,ExcitatoryL6
918,cell_974,spot_175,0.9327416527134437,ExcitatoryL6
919,cell_249,spot_175,0.9327416527134437,ExcitatoryL6
920,cell_135,spot_175,0.9327416527134437,ExcitatoryL6
921,cell_215,spot_175,0.9327416527134437,ExcitatoryL6
922,cell_248,spot_31,0.9301299155873269,ExcitatoryL2and3
923,cell_539,spot_31,0.9301299155873269,Other
924,cell_820,spot_31,0.9301299155873269,Endo
925,cell_276,spot_31,0.9301299155873269,Endo
926,cell_514,spot_31,0.9301299155873269,Endo
927,cell_330,spot_31,0.9301299155873269,Endo
928,cell_508,spot_31,0.9301299155873269,ExcitatoryL4
929,cell_753,spot_31,0.9301299155873269,ExcitatoryL4
930,cell_27,spot_31,0.9301299155873269,ExcitatoryL4
931,cell_567,spot_31,0.9301299155873269,ExcitatoryL4
932,cell_362,spot_31,0.9301299155873269,Pvalb
933,cell_1229,spot_32,0.9212362339107668,ExcitatoryL2and3
934,cell_208,spot_32,0.9212362339107668,ExcitatoryL2and3
935,cell_347,spot_32,0.9212362339107668,ExcitatoryL2and3
936,cell_1419,spot_32,0.9212362339107668,Endo
937,cell_223,spot_32,0.9212362339107668,Endo
938,cell_1059,spot_32,0.9212362339107668,Endo
939,cell_876,spot_32,0.9212362339107668,Endo
940,cell_216,spot_32,0.9212362339107668,Endo
941,cell_1193,spot_32,0.9212362339107668,ExcitatoryL4
942,cell_183,spot_32,0.9212362339107668,ExcitatoryL4
943,cell_831,spot_32,0.9212362339107668,ExcitatoryL6
944,cell_648,spot_122,0.9420676169680872,Other
945,cell_1510,spot_122,0.9420676169680872,Other
946,cell_976,spot_122,0.9420676169680872,Pvalb
947,cell_956,spot_122,0.9420676169680872,Pvalb
948,cell_106,spot_122,0.9420676169680872,Pvalb
949,cell_1444,spot_122,0.9420676169680872,Pvalb
950,cell_427,spot_122,0.9420676169680872,Pvalb
951,cell_507,spot_122,0.9420676169680872,ExcitatoryL6
952,cell_1348,spot_122,0.9420676169680872,ExcitatoryL6
953,cell_1016,spot_122,0.9420676169680872,ExcitatoryL6
954,cell_1462,spot_122,0.9420676169680872,ExcitatoryL6
955,cell_1241,spot_133,0.9634694001411862,Astro
956,cell_672,spot_133,0.9634694001411862,ExcitatoryL5
957,cell_1134,spot_133,0.9634694001411862,Sst
958,cell_1190,spot_133,0.9634694001411862,Sst
959,cell_1409,spot_133,0.9634694001411862,Sst
960,cell_61,spot_133,0.9634694001411862,Olig
961,cell_858,spot_133,0.9634694001411862,Micro
962,cell_1260,spot_152,0.9030400372706516,Astro
963,cell_1341,spot_152,0.9030400372706516,Astro
964,cell_375,spot_152,0.9030400372706516,Astro
965,cell_1330,spot_152,0.9030400372706516,Olig
966,cell_1212,spot_152,0.9030400372706516,Olig
967,cell_334,spot_152,0.9030400372706516,Olig
968,cell_808,spot_79,0.885495044408981,Astro
969,cell_353,spot_79,0.885495044408981,Olig
970,cell_1406,spot_79,0.885495044408981,Olig
971,cell_874,spot_79,0.885495044408981,Olig
972,cell_663,spot_79,0.885495044408981,Olig
973,cell_699,spot_79,0.885495044408981,Olig
974,cell_309,spot_79,0.885495044408981,Olig
975,cell_938,spot_79,0.885495044408981,Olig
976,cell_452,spot_79,0.885495044408981,Olig
977,cell_770,spot_76,0.8084452986788966,ExcitatoryL5
978,cell_35,spot_76,0.8084452986788966,ExcitatoryL5
979,cell_778,spot_76,0.8084452986788966,ExcitatoryL5
980,cell_888,spot_76,0.8084452986788966,ExcitatoryL5
981,cell_657,spot_42,0.9268135631308427,Astro
982,cell_1459,spot_42,0.9268135631308427,Astro
983,cell_801,spot_42,0.9268135631308427,Olig
984,cell_400,spot_42,0.9268135631308427,ExcitatoryL6
985,cell_1095,spot_42,0.9268135631308427,ExcitatoryL6
986,cell_1275,spot_42,0.9268135631308427,ExcitatoryL6
987,cell_1365,spot_42,0.9268135631308427,ExcitatoryL6
988,cell_351,spot_42,0.9268135631308427,ExcitatoryL6
989,cell_701,spot_42,0.9268135631308427,ExcitatoryL6
990,cell_144,spot_42,0.9268135631308427,ExcitatoryL6
991,cell_1370,spot_42,0.9268135631308427,ExcitatoryL6
992,cell_1508,spot_183,0.9197367852362173,ExcitatoryL2and3
993,cell_1521,spot_183,0.9197367852362173,ExcitatoryL2and3
994,cell_107,spot_183,0.9197367852362173,ExcitatoryL2and3
995,cell_527,spot_183,0.9197367852362173,ExcitatoryL2and3
996,cell_1463,spot_183,0.9197367852362173,ExcitatoryL2and3
997,cell_990,spot_183,0.9197367852362173,ExcitatoryL2and3
998,cell_1118,spot_183,0.9197367852362173,Endo
999,cell_67,spot_183,0.9197367852362173,Endo
1000,cell_783,spot_78,0.8893224136093737,Astro
1001,cell_322,spot_78,0.8893224136093737,Olig
1002,cell_1501,spot_78,0.8893224136093737,Olig
1003,cell_525,spot_78,0.8893224136093737,Olig
1004,cell_1052,spot_78,0.8893224136093737,Olig
1005,cell_1351,spot_78,0.8893224136093737,Olig
1006,cell_865,spot_78,0.8893224136093737,Olig
1007,cell_193,spot_78,0.8893224136093737,Endo
1008,cell_1405,spot_166,0.8987371070605008,Astro
1009,cell_1269,spot_166,0.8987371070605008,Sst
1010,cell_1442,spot_166,0.8987371070605008,ExcitatoryL2and3
1011,cell_418,spot_166,0.8987371070605008,ExcitatoryL2and3
1012,cell_299,spot_166,0.8987371070605008,ExcitatoryL2and3
1013,cell_994,spot_166,0.8987371070605008,ExcitatoryL2and3
1014,cell_419,spot_166,0.8987371070605008,ExcitatoryL2and3
1015,cell_1183,spot_166,0.8987371070605008,ExcitatoryL2and3
1016,cell_320,spot_166,0.8987371070605008,ExcitatoryL2and3
1017,cell_1299,spot_166,0.8987371070605008,ExcitatoryL2and3
1018,cell_146,spot_166,0.8987371070605008,ExcitatoryL2and3
1019,cell_562,spot_166,0.8987371070605008,Vip
1020,cell_1473,spot_186,0.8698002939180353,Astro
1021,cell_247,spot_186,0.8698002939180353,Astro
1022,cell_1363,spot_186,0.8698002939180353,Astro
1023,cell_245,spot_186,0.8698002939180353,ExcitatoryL2and3
1024,cell_1455,spot_186,0.8698002939180353,ExcitatoryL2and3
1025,cell_163,spot_186,0.8698002939180353,ExcitatoryL2and3
1026,cell_17,spot_186,0.8698002939180353,ExcitatoryL2and3
1027,cell_519,spot_186,0.8698002939180353,ExcitatoryL2and3
1028,cell_360,spot_22,0.8568457348893767,Astro
1029,cell_486,spot_22,0.8568457348893767,Olig
1030,cell_1398,spot_22,0.8568457348893767,Olig
1031,cell_957,spot_22,0.8568457348893767,Olig
1032,cell_335,spot_22,0.8568457348893767,Olig
1033,cell_997,spot_22,0.8568457348893767,Olig
1034,cell_303,spot_22,0.8568457348893767,Olig
1035,cell_882,spot_3,0.9296569317076998,Astro
1036,cell_522,spot_3,0.9296569317076998,Astro
1037,cell_23,spot_3,0.9296569317076998,Olig
1038,cell_1487,spot_3,0.9296569317076998,Olig
1039,cell_1232,spot_3,0.9296569317076998,Olig
1040,cell_1403,spot_3,0.9296569317076998,Olig
1041,cell_1235,spot_3,0.9296569317076998,Olig
1042,cell_1371,spot_3,0.9296569317076998,ExcitatoryL6
1043,cell_580,spot_10,0.9130744115153862,ExcitatoryL5
1044,cell_1222,spot_10,0.9130744115153862,ExcitatoryL5
1045,cell_1227,spot_10,0.9130744115153862,Endo
1046,cell_140,spot_10,0.9130744115153862,Endo
1047,cell_1380,spot_10,0.9130744115153862,Endo
1048,cell_85,spot_10,0.9130744115153862,ExcitatoryL4
1049,cell_1410,spot_10,0.9130744115153862,ExcitatoryL4
1050,cell_363,spot_10,0.9130744115153862,ExcitatoryL4
1051,cell_0,spot_10,0.9130744115153862,ExcitatoryL4
1052,cell_543,spot_10,0.9130744115153862,ExcitatoryL4
1053,cell_106,spot_10,0.9130744115153862,Pvalb
1054,cell_308,spot_35,0.9399767177412333,ExcitatoryL2and3
1055,cell_1096,spot_35,0.9399767177412333,ExcitatoryL2and3
1056,cell_261,spot_35,0.9399767177412333,ExcitatoryL2and3
1057,cell_229,spot_35,0.9399767177412333,ExcitatoryL2and3
1058,cell_1483,spot_35,0.9399767177412333,ExcitatoryL2and3
1059,cell_698,spot_35,0.9399767177412333,Olig
1060,cell_179,spot_35,0.9399767177412333,Endo
1061,cell_205,spot_35,0.9399767177412333,Endo
1062,cell_273,spot_35,0.9399767177412333,Endo
1063,cell_297,spot_35,0.9399767177412333,Endo
1064,cell_1515,spot_35,0.9399767177412333,Pvalb
1065,cell_427,spot_35,0.9399767177412333,Pvalb
1066,cell_201,spot_36,0.8831508793317026,ExcitatoryL2and3
1067,cell_308,spot_36,0.8831508793317026,ExcitatoryL2and3
1068,cell_1001,spot_36,0.8831508793317026,ExcitatoryL2and3
1069,cell_37,spot_36,0.8831508793317026,Other
1070,cell_236,spot_36,0.8831508793317026,Other
1071,cell_1019,spot_36,0.8831508793317026,Other
1072,cell_820,spot_36,0.8831508793317026,Endo
1073,cell_1263,spot_36,0.8831508793317026,Endo
1074,cell_234,spot_36,0.8831508793317026,Endo
1075,cell_1060,spot_36,0.8831508793317026,Endo
1076,cell_441,spot_49,0.9447354958103733,Endo
1077,cell_1231,spot_49,0.9447354958103733,Endo
1078,cell_438,spot_49,0.9447354958103733,ExcitatoryL4
1079,cell_1028,spot_49,0.9447354958103733,ExcitatoryL4
1080,cell_219,spot_49,0.9447354958103733,ExcitatoryL4
1081,cell_402,spot_49,0.9447354958103733,ExcitatoryL4
1082,cell_1242,spot_49,0.9447354958103733,ExcitatoryL4
1083,cell_1393,spot_49,0.9447354958103733,ExcitatoryL4
1084,cell_477,spot_49,0.9447354958103733,ExcitatoryL4
1085,cell_542,spot_49,0.9447354958103733,ExcitatoryL4
1086,cell_1094,spot_49,0.9447354958103733,ExcitatoryL4
1087,cell_1233,spot_49,0.9447354958103733,Pvalb
1088,cell_324,spot_59,0.8897208093060643,Astro
1089,cell_536,spot_59,0.8897208093060643,Olig
1090,cell_421,spot_59,0.8897208093060643,Olig
1091,cell_1297,spot_59,0.8897208093060643,Olig
1092,cell_808,spot_153,0.8591582666696682,Astro
1093,cell_326,spot_153,0.8591582666696682,Olig
1094,cell_486,spot_153,0.8591582666696682,Olig
1095,cell_1417,spot_153,0.8591582666696682,Olig
1096,cell_129,spot_153,0.8591582666696682,Olig
1097,cell_1398,spot_153,0.8591582666696682,Olig
1098,cell_1408,spot_153,0.8591582666696682,Endo
1099,cell_125,spot_153,0.8591582666696682,ExcitatoryL6
1100,cell_1434,spot_173,0.910068168707935,Olig
1101,cell_663,spot_173,0.910068168707935,Olig
1102,cell_874,spot_173,0.910068168707935,Olig
1103,cell_278,spot_173,0.910068168707935,Olig
1104,cell_1504,spot_173,0.910068168707935,Olig
1105,cell_420,spot_20,0.9215098404959907,Astro
1106,cell_443,spot_20,0.9215098404959907,Astro
1107,cell_593,spot_20,0.9215098404959907,Astro
1108,cell_582,spot_20,0.9215098404959907,ExcitatoryL5
1109,cell_227,spot_20,0.9215098404959907,Sst
1110,cell_288,spot_20,0.9215098404959907,Sst
1111,cell_675,spot_20,0.9215098404959907,Sst
1112,cell_572,spot_20,0.9215098404959907,Olig
1113,cell_1476,spot_20,0.9215098404959907,Micro
1114,cell_430,spot_165,0.9053495516126482,Astro
1115,cell_1327,spot_165,0.9053495516126482,ExcitatoryL2and3
1116,cell_920,spot_165,0.9053495516126482,ExcitatoryL2and3
1117,cell_1276,spot_165,0.9053495516126482,ExcitatoryL2and3
1118,cell_1404,spot_165,0.9053495516126482,ExcitatoryL2and3
1119,cell_1470,spot_165,0.9053495516126482,ExcitatoryL2and3
1120,cell_442,spot_165,0.9053495516126482,ExcitatoryL2and3
1121,cell_1380,spot_165,0.9053495516126482,Endo
1122,cell_1428,spot_165,0.9053495516126482,Endo
1123,cell_365,spot_165,0.9053495516126482,Endo
1124,cell_307,spot_72,0.927330781741157,Astro
1125,cell_822,spot_72,0.927330781741157,Astro
1126,cell_1407,spot_72,0.927330781741157,ExcitatoryL2and3
1127,cell_551,spot_72,0.927330781741157,ExcitatoryL2and3
1128,cell_1490,spot_72,0.927330781741157,ExcitatoryL2and3
1129,cell_626,spot_72,0.927330781741157,ExcitatoryL2and3
1130,cell_1243,spot_72,0.927330781741157,ExcitatoryL2and3
1131,cell_1066,spot_72,0.927330781741157,ExcitatoryL2and3
1132,cell_1360,spot_72,0.927330781741157,Olig
1133,cell_489,spot_72,0.927330781741157,Endo
1134,cell_633,spot_72,0.927330781741157,ExcitatoryL4
1135,cell_671,spot_72,0.927330781741157,ExcitatoryL4
1136,cell_1422,spot_72,0.927330781741157,Pvalb
1137,cell_279,spot_33,0.943281018244461,Astro
1138,cell_547,spot_33,0.943281018244461,Astro
1139,cell_601,spot_33,0.943281018244461,Astro
1140,cell_242,spot_33,0.943281018244461,ExcitatoryL2and3
1141,cell_1223,spot_33,0.943281018244461,ExcitatoryL2and3
1142,cell_458,spot_33,0.943281018244461,ExcitatoryL2and3
1143,cell_207,spot_33,0.943281018244461,Endo
1144,cell_265,spot_33,0.943281018244461,Endo
1145,cell_1416,spot_33,0.943281018244461,Endo
1146,cell_1279,spot_33,0.943281018244461,Endo
1147,cell_1216,spot_33,0.943281018244461,Endo
1148,cell_515,spot_171,0.8773727538611765,Astro
1149,cell_955,spot_171,0.8773727538611765,Astro
1150,cell_275,spot_171,0.8773727538611765,Olig
1151,cell_699,spot_171,0.8773727538611765,Olig
1152,cell_1487,spot_171,0.8773727538611765,Olig
1153,cell_1052,spot_171,0.8773727538611765,Olig
1154,cell_1270,spot_171,0.8773727538611765,Micro
1155,cell_1226,spot_4,0.900678199130469,ExcitatoryL5
1156,cell_685,spot_4,0.900678199130469,Sst
1157,cell_1115,spot_4,0.900678199130469,Olig
1158,cell_1212,spot_4,0.900678199130469,Olig
1159,cell_1062,spot_4,0.900678199130469,Endo
1160,cell_51,spot_4,0.900678199130469,ExcitatoryL6
1161,cell_71,spot_4,0.900678199130469,ExcitatoryL6
1162,cell_512,spot_4,0.900678199130469,ExcitatoryL6
1163,cell_135,spot_4,0.900678199130469,ExcitatoryL6
1164,cell_1371,spot_4,0.900678199130469,ExcitatoryL6
1165,cell_1126,spot_4,0.900678199130469,ExcitatoryL6
1166,cell_93,spot_4,0.900678199130469,ExcitatoryL6
1167,cell_409,spot_38,0.944988485362159,Other
1168,cell_587,spot_38,0.944988485362159,Other
1169,cell_631,spot_38,0.944988485362159,HPC
1170,cell_401,spot_38,0.944988485362159,HPC
1171,cell_387,spot_38,0.944988485362159,HPC
1172,cell_869,spot_38,0.944988485362159,HPC
1173,cell_103,spot_38,0.944988485362159,HPC
1174,cell_917,spot_38,0.944988485362159,HPC
1175,cell_1177,spot_112,0.9486399533385894,Astro
1176,cell_822,spot_112,0.9486399533385894,Astro
1177,cell_832,spot_112,0.9486399533385894,Endo
1178,cell_364,spot_112,0.9486399533385894,Endo
1179,cell_638,spot_112,0.9486399533385894,Endo
1180,cell_1150,spot_112,0.9486399533385894,Endo
1181,cell_1263,spot_112,0.9486399533385894,Endo
1182,cell_927,spot_112,0.9486399533385894,Npy
1183,cell_1385,spot_167,0.8790680337236673,ExcitatoryL2and3
1184,cell_1155,spot_167,0.8790680337236673,ExcitatoryL2and3
1185,cell_803,spot_167,0.8790680337236673,ExcitatoryL2and3
1186,cell_1109,spot_167,0.8790680337236673,ExcitatoryL2and3
1187,cell_1005,spot_167,0.8790680337236673,ExcitatoryL2and3
1188,cell_590,spot_167,0.8790680337236673,ExcitatoryL2and3
1189,cell_397,spot_167,0.8790680337236673,Other
1190,cell_239,spot_167,0.8790680337236673,Endo
1191,cell_67,spot_167,0.8790680337236673,Endo
1192,cell_514,spot_167,0.8790680337236673,Endo
1193,cell_362,spot_167,0.8790680337236673,Pvalb
1194,cell_546,spot_168,0.9179393496299443,Astro
1195,cell_422,spot_168,0.9179393496299443,ExcitatoryL2and3
1196,cell_1315,spot_168,0.9179393496299443,ExcitatoryL2and3
1197,cell_20,spot_168,0.9179393496299443,ExcitatoryL2and3
1198,cell_233,spot_168,0.9179393496299443,ExcitatoryL2and3
1199,cell_899,spot_168,0.9179393496299443,ExcitatoryL2and3
1200,cell_506,spot_168,0.9179393496299443,ExcitatoryL2and3
1201,cell_1253,spot_168,0.9179393496299443,ExcitatoryL2and3
1202,cell_12,spot_168,0.9179393496299443,ExcitatoryL2and3
1203,cell_450,spot_168,0.9179393496299443,Endo
1204,cell_541,spot_64,0.9157665896468834,ExcitatoryL5
1205,cell_586,spot_64,0.9157665896468834,ExcitatoryL5
1206,cell_1342,spot_64,0.9157665896468834,ExcitatoryL5
1207,cell_34,spot_64,0.9157665896468834,ExcitatoryL2and3
1208,cell_649,spot_64,0.9157665896468834,ExcitatoryL6
1209,cell_830,spot_64,0.9157665896468834,ExcitatoryL6
1210,cell_754,spot_64,0.9157665896468834,ExcitatoryL6
1211,cell_913,spot_182,0.8726641518720203,Astro
1212,cell_1198,spot_182,0.8726641518720203,ExcitatoryL2and3
1213,cell_920,spot_182,0.8726641518720203,ExcitatoryL2and3
1214,cell_715,spot_182,0.8726641518720203,Endo
1215,cell_1436,spot_182,0.8726641518720203,Endo
1216,cell_790,spot_182,0.8726641518720203,ExcitatoryL4
1217,cell_939,spot_182,0.8726641518720203,ExcitatoryL4
1218,cell_1274,spot_182,0.8726641518720203,ExcitatoryL4
1219,cell_1264,spot_19,0.8334304781060837,Astro
1220,cell_1265,spot_19,0.8334304781060837,Astro
1221,cell_156,spot_19,0.8334304781060837,Other
1222,cell_1346,spot_19,0.8334304781060837,Other
1223,cell_305,spot_19,0.8334304781060837,Vip
1224,cell_562,spot_19,0.8334304781060837,Vip
1225,cell_188,spot_70,0.9516345326436056,Astro
1226,cell_607,spot_70,0.9516345326436056,ExcitatoryL2and3
1227,cell_623,spot_70,0.9516345326436056,ExcitatoryL2and3
1228,cell_761,spot_70,0.9516345326436056,ExcitatoryL2and3
1229,cell_626,spot_70,0.9516345326436056,ExcitatoryL2and3
1230,cell_1096,spot_70,0.9516345326436056,ExcitatoryL2and3
1231,cell_539,spot_70,0.9516345326436056,Other
1232,cell_947,spot_70,0.9516345326436056,Other
1233,cell_661,spot_70,0.9516345326436056,ExcitatoryL4
1234,cell_1192,spot_70,0.9516345326436056,ExcitatoryL4
1235,cell_716,spot_70,0.9516345326436056,ExcitatoryL4
1236,cell_1143,spot_70,0.9516345326436056,ExcitatoryL4
1237,cell_780,spot_110,0.9297434709662848,ExcitatoryL2and3
1238,cell_1014,spot_110,0.9297434709662848,ExcitatoryL2and3
1239,cell_1119,spot_110,0.9297434709662848,ExcitatoryL2and3
1240,cell_782,spot_110,0.9297434709662848,ExcitatoryL2and3
1241,cell_214,spot_110,0.9297434709662848,ExcitatoryL2and3
1242,cell_982,spot_110,0.9297434709662848,ExcitatoryL2and3
1243,cell_372,spot_110,0.9297434709662848,ExcitatoryL2and3
1244,cell_453,spot_110,0.9297434709662848,ExcitatoryL2and3
1245,cell_502,spot_110,0.9297434709662848,ExcitatoryL2and3
1246,cell_377,spot_110,0.9297434709662848,ExcitatoryL2and3
1247,cell_170,spot_110,0.9297434709662848,Other
1248,cell_722,spot_110,0.9297434709662848,Other
1249,cell_931,spot_110,0.9297434709662848,Vip
1250,cell_370,spot_110,0.9297434709662848,Vip
1251,cell_1283,spot_161,0.9169506635760734,ExcitatoryL5
1252,cell_149,spot_161,0.9169506635760734,ExcitatoryL5
1253,cell_1494,spot_161,0.9169506635760734,ExcitatoryL5
1254,cell_38,spot_161,0.9169506635760734,Endo
1255,cell_1481,spot_161,0.9169506635760734,Endo
1256,cell_1353,spot_161,0.9169506635760734,ExcitatoryL4
1257,cell_513,spot_161,0.9169506635760734,ExcitatoryL4
1258,cell_494,spot_161,0.9169506635760734,ExcitatoryL4
1259,cell_1011,spot_161,0.9169506635760734,ExcitatoryL4
1260,cell_388,spot_161,0.9169506635760734,Micro
1261,cell_1027,spot_161,0.9169506635760734,ExcitatoryL6
1262,cell_375,spot_61,0.9288056633518481,Astro
1263,cell_1241,spot_61,0.9288056633518481,Astro
1264,cell_187,spot_61,0.9288056633518481,Sst
1265,cell_556,spot_61,0.9288056633518481,Sst
1266,cell_801,spot_61,0.9288056633518481,Olig
1267,cell_1360,spot_61,0.9288056633518481,Olig
1268,cell_553,spot_61,0.9288056633518481,ExcitatoryL6
1269,cell_605,spot_61,0.9288056633518481,ExcitatoryL6
1270,cell_131,spot_61,0.9288056633518481,ExcitatoryL6
1271,cell_564,spot_61,0.9288056633518481,ExcitatoryL6
1272,cell_713,spot_61,0.9288056633518481,ExcitatoryL6
1273,cell_1064,spot_61,0.9288056633518481,ExcitatoryL6
1274,cell_1275,spot_61,0.9288056633518481,ExcitatoryL6
1275,cell_1037,spot_102,0.9028608238293293,Astro
1276,cell_629,spot_102,0.9028608238293293,Astro
1277,cell_173,spot_102,0.9028608238293293,Astro
1278,cell_1144,spot_102,0.9028608238293293,ExcitatoryL5
1279,cell_162,spot_102,0.9028608238293293,Sst
1280,cell_879,spot_102,0.9028608238293293,Sst
1281,cell_1086,spot_102,0.9028608238293293,ExcitatoryL2and3
1282,cell_1300,spot_102,0.9028608238293293,Olig
1283,cell_1285,spot_102,0.9028608238293293,Olig
1284,cell_1330,spot_102,0.9028608238293293,Olig
1285,cell_1448,spot_102,0.9028608238293293,Npy
1286,cell_94,spot_102,0.9028608238293293,ExcitatoryL6
1287,cell_951,spot_102,0.9028608238293293,ExcitatoryL6
1288,cell_752,spot_95,0.9432896112717492,ExcitatoryL5
1289,cell_635,spot_95,0.9432896112717492,ExcitatoryL5
1290,cell_921,spot_95,0.9432896112717492,Olig
1291,cell_807,spot_95,0.9432896112717492,Endo
1292,cell_858,spot_95,0.9432896112717492,Micro
1293,cell_839,spot_95,0.9432896112717492,ExcitatoryL6
1294,cell_992,spot_95,0.9432896112717492,ExcitatoryL6
1295,cell_917,spot_95,0.9432896112717492,HPC
1296,cell_631,spot_95,0.9432896112717492,HPC
1297,cell_869,spot_95,0.9432896112717492,HPC
1298,cell_1157,spot_136,0.8025662341262378,Astro
1299,cell_1298,spot_136,0.8025662341262378,Olig
1300,cell_1212,spot_136,0.8025662341262378,Olig
1301,cell_1204,spot_136,0.8025662341262378,Endo
1302,cell_1419,spot_136,0.8025662341262378,Endo
1303,cell_1047,spot_136,0.8025662341262378,ExcitatoryL6
1304,cell_900,spot_136,0.8025662341262378,ExcitatoryL6
1305,cell_51,spot_136,0.8025662341262378,ExcitatoryL6
1306,cell_125,spot_136,0.8025662341262378,ExcitatoryL6
1307,cell_959,spot_134,0.9005030544630602,Astro
1308,cell_912,spot_134,0.9005030544630602,Astro
1309,cell_1141,spot_134,0.9005030544630602,Sst
1310,cell_1197,spot_134,0.9005030544630602,Other
1311,cell_37,spot_134,0.9005030544630602,Other
1312,cell_421,spot_134,0.9005030544630602,Olig
1313,cell_75,spot_134,0.9005030544630602,Olig
1314,cell_520,spot_134,0.9005030544630602,Micro
1315,cell_1103,spot_134,0.9005030544630602,Npy
1316,cell_1091,spot_134,0.9005030544630602,ExcitatoryL6
1317,cell_251,spot_138,0.9559953367240736,ExcitatoryL5
1318,cell_1226,spot_138,0.9559953367240736,ExcitatoryL5
1319,cell_1186,spot_138,0.9559953367240736,ExcitatoryL6
1320,cell_1261,spot_138,0.9559953367240736,ExcitatoryL6
1321,cell_1237,spot_138,0.9559953367240736,ExcitatoryL6
1322,cell_473,spot_138,0.9559953367240736,ExcitatoryL6
1323,cell_1238,spot_138,0.9559953367240736,ExcitatoryL6
1324,cell_1272,spot_138,0.9559953367240736,ExcitatoryL6
1325,cell_1500,spot_138,0.9559953367240736,ExcitatoryL6
1326,cell_184,spot_138,0.9559953367240736,ExcitatoryL6
1327,cell_170,spot_106,0.9167017645155711,Other
1328,cell_901,spot_106,0.9167017645155711,Endo
1329,cell_1189,spot_106,0.9167017645155711,Endo
1330,cell_940,spot_106,0.9167017645155711,ExcitatoryL4
1331,cell_795,spot_106,0.9167017645155711,ExcitatoryL4
1332,cell_809,spot_106,0.9167017645155711,ExcitatoryL4
1333,cell_508,spot_106,0.9167017645155711,ExcitatoryL4
1334,cell_870,spot_106,0.9167017645155711,ExcitatoryL4
1335,cell_914,spot_106,0.9167017645155711,ExcitatoryL4
1336,cell_467,spot_106,0.9167017645155711,ExcitatoryL4
1337,cell_1013,spot_106,0.9167017645155711,ExcitatoryL4
1338,cell_362,spot_106,0.9167017645155711,Pvalb
1339,cell_582,spot_107,0.9358167933036365,ExcitatoryL5
1340,cell_919,spot_107,0.9358167933036365,Sst
1341,cell_898,spot_107,0.9358167933036365,ExcitatoryL2and3
1342,cell_876,spot_107,0.9358167933036365,Endo
1343,cell_795,spot_107,0.9358167933036365,ExcitatoryL4
1344,cell_942,spot_107,0.9358167933036365,ExcitatoryL4
1345,cell_665,spot_107,0.9358167933036365,ExcitatoryL4
1346,cell_1022,spot_107,0.9358167933036365,ExcitatoryL4
1347,cell_1028,spot_107,0.9358167933036365,ExcitatoryL4
1348,cell_669,spot_107,0.9358167933036365,ExcitatoryL4
1349,cell_1359,spot_107,0.9358167933036365,ExcitatoryL4
1350,cell_1278,spot_107,0.9358167933036365,ExcitatoryL4
1351,cell_411,spot_107,0.9358167933036365,Npy
1352,cell_1164,spot_141,0.9725701015395926,ExcitatoryL5
1353,cell_1205,spot_141,0.9725701015395926,ExcitatoryL5
1354,cell_684,spot_141,0.9725701015395926,ExcitatoryL5
1355,cell_1088,spot_141,0.9725701015395926,ExcitatoryL5
1356,cell_1127,spot_141,0.9725701015395926,ExcitatoryL5
1357,cell_672,spot_141,0.9725701015395926,ExcitatoryL5
1358,cell_1144,spot_141,0.9725701015395926,ExcitatoryL5
1359,cell_1213,spot_141,0.9725701015395926,Pvalb
1360,cell_1218,spot_141,0.9725701015395926,Pvalb
1361,cell_976,spot_141,0.9725701015395926,Pvalb
1362,cell_49,spot_15,0.9456974845023802,ExcitatoryL2and3
1363,cell_95,spot_15,0.9456974845023802,ExcitatoryL2and3
1364,cell_1026,spot_15,0.9456974845023802,ExcitatoryL2and3
1365,cell_5,spot_15,0.9456974845023802,ExcitatoryL2and3
1366,cell_1299,spot_15,0.9456974845023802,ExcitatoryL2and3
1367,cell_977,spot_15,0.9456974845023802,ExcitatoryL2and3
1368,cell_56,spot_15,0.9456974845023802,ExcitatoryL2and3
1369,cell_548,spot_15,0.9456974845023802,Endo
1370,cell_365,spot_15,0.9456974845023802,Endo
1371,cell_216,spot_15,0.9456974845023802,Endo
1372,cell_428,spot_15,0.9456974845023802,Endo
1373,cell_1246,spot_150,0.9999999999999971,Endo
1374,cell_1452,spot_88,0.9477989590476584,Endo
1375,cell_661,spot_88,0.9477989590476584,ExcitatoryL4
1376,cell_744,spot_88,0.9477989590476584,ExcitatoryL4
1377,cell_3,spot_88,0.9477989590476584,ExcitatoryL4
1378,cell_398,spot_88,0.9477989590476584,ExcitatoryL4
1379,cell_753,spot_88,0.9477989590476584,ExcitatoryL4
1380,cell_1145,spot_88,0.9477989590476584,ExcitatoryL4
1381,cell_346,spot_88,0.9477989590476584,ExcitatoryL4
1382,cell_516,spot_88,0.9477989590476584,ExcitatoryL4
1383,cell_362,spot_88,0.9477989590476584,Pvalb
1384,cell_1350,spot_164,0.9576356353992314,Astro
1385,cell_1405,spot_164,0.9576356353992314,Astro
1386,cell_1427,spot_164,0.9576356353992314,Astro
1387,cell_903,spot_164,0.9576356353992314,Sst
1388,cell_1273,spot_164,0.9576356353992314,ExcitatoryL2and3
1389,cell_1407,spot_164,0.9576356353992314,ExcitatoryL2and3
1390,cell_246,spot_164,0.9576356353992314,ExcitatoryL2and3
1391,cell_993,spot_164,0.9576356353992314,ExcitatoryL4
1392,cell_109,spot_164,0.9576356353992314,ExcitatoryL4
1393,cell_348,spot_164,0.9576356353992314,ExcitatoryL4
1394,cell_4,spot_164,0.9576356353992314,ExcitatoryL4
1395,cell_1265,spot_170,0.9872725712963585,Astro
1396,cell_122,spot_170,0.9872725712963585,Astro
1397,cell_1346,spot_170,0.9872725712963585,Other
1398,cell_1374,spot_170,0.9872725712963585,Smc
1399,cell_1361,spot_170,0.9872725712963585,Smc
1400,cell_1466,spot_170,0.9872725712963585,Smc
1401,cell_1280,spot_170,0.9872725712963585,Smc
1402,cell_1259,spot_170,0.9872725712963585,Smc
1403,cell_1294,spot_170,0.9872725712963585,Smc
1404,cell_1230,spot_170,0.9872725712963585,Smc
1405,cell_1452,spot_187,0.9999999999999993,Endo
1406,cell_1122,spot_147,0.9116846241105916,ExcitatoryL2and3
1407,cell_1151,spot_147,0.9116846241105916,ExcitatoryL2and3
1408,cell_1245,spot_147,0.9116846241105916,ExcitatoryL2and3
1409,cell_527,spot_147,0.9116846241105916,ExcitatoryL2and3
1410,cell_690,spot_147,0.9116846241105916,ExcitatoryL2and3
1411,cell_1155,spot_147,0.9116846241105916,ExcitatoryL2and3
1412,cell_1169,spot_147,0.9116846241105916,ExcitatoryL2and3
1413,cell_1118,spot_147,0.9116846241105916,Endo
1414,cell_901,spot_147,0.9116846241105916,Endo
1415,cell_1059,spot_147,0.9116846241105916,Endo
1416,cell_1154,spot_147,0.9116846241105916,Pvalb
1417,cell_138,spot_12,0.9598441160611734,ExcitatoryL2and3
1418,cell_163,spot_12,0.9598441160611734,ExcitatoryL2and3
1419,cell_27,spot_12,0.9598441160611734,ExcitatoryL4
1420,cell_868,spot_12,0.9598441160611734,ExcitatoryL4
1421,cell_1302,spot_12,0.9598441160611734,ExcitatoryL4
1422,cell_1116,spot_12,0.9598441160611734,ExcitatoryL4
1423,cell_99,spot_12,0.9598441160611734,ExcitatoryL4
1424,cell_0,spot_12,0.9598441160611734,ExcitatoryL4
1425,cell_965,spot_12,0.9598441160611734,ExcitatoryL4
1426,cell_1252,spot_12,0.9598441160611734,ExcitatoryL4
1427,cell_1193,spot_12,0.9598441160611734,ExcitatoryL4
1428,cell_1393,spot_12,0.9598441160611734,ExcitatoryL4
1429,cell_389,spot_52,0.9323754799293363,ExcitatoryL2and3
1430,cell_1017,spot_52,0.9323754799293363,ExcitatoryL2and3
1431,cell_299,spot_52,0.9323754799293363,ExcitatoryL2and3
1432,cell_419,spot_52,0.9323754799293363,ExcitatoryL2and3
1433,cell_372,spot_52,0.9323754799293363,ExcitatoryL2and3
1434,cell_1168,spot_52,0.9323754799293363,ExcitatoryL2and3
1435,cell_506,spot_52,0.9323754799293363,ExcitatoryL2and3
1436,cell_468,spot_52,0.9323754799293363,Pvalb
1437,cell_406,spot_52,0.9323754799293363,Pvalb
1438,cell_831,spot_52,0.9323754799293363,ExcitatoryL6
1439,cell_457,spot_52,0.9323754799293363,ExcitatoryL6
1440,cell_582,spot_69,0.9779551293272457,ExcitatoryL5
1441,cell_171,spot_69,0.9779551293272457,Olig
1442,cell_364,spot_69,0.9779551293272457,Endo
1443,cell_561,spot_69,0.9779551293272457,ExcitatoryL4
1444,cell_549,spot_69,0.9779551293272457,ExcitatoryL4
1445,cell_508,spot_69,0.9779551293272457,ExcitatoryL4
1446,cell_517,spot_69,0.9779551293272457,ExcitatoryL4
1447,cell_628,spot_69,0.9779551293272457,ExcitatoryL4
1448,cell_1149,spot_69,0.9779551293272457,ExcitatoryL4
1449,cell_542,spot_69,0.9779551293272457,ExcitatoryL4
1450,cell_1490,spot_174,0.9448778184705019,ExcitatoryL2and3
1451,cell_924,spot_174,0.9448778184705019,ExcitatoryL2and3
1452,cell_1474,spot_174,0.9448778184705019,Olig
1453,cell_1467,spot_174,0.9448778184705019,Olig
1454,cell_1285,spot_174,0.9448778184705019,Olig
1455,cell_848,spot_174,0.9448778184705019,ExcitatoryL6
1456,cell_94,spot_174,0.9448778184705019,ExcitatoryL6
1457,cell_1426,spot_174,0.9448778184705019,ExcitatoryL6
1458,cell_1287,spot_174,0.9448778184705019,ExcitatoryL6
1459,cell_986,spot_174,0.9448778184705019,ExcitatoryL6
1460,cell_1485,spot_156,0.9346761245216123,Sst
1461,cell_833,spot_156,0.9346761245216123,Pvalb
1462,cell_1372,spot_156,0.9346761245216123,ExcitatoryL6
1463,cell_14,spot_156,0.9346761245216123,ExcitatoryL6
1464,cell_1348,spot_156,0.9346761245216123,ExcitatoryL6
1465,cell_979,spot_156,0.9346761245216123,ExcitatoryL6
1466,cell_575,spot_156,0.9346761245216123,ExcitatoryL6
1467,cell_501,spot_156,0.9346761245216123,ExcitatoryL6
1468,cell_374,spot_156,0.9346761245216123,ExcitatoryL6
1469,cell_824,spot_156,0.9346761245216123,ExcitatoryL6
1470,cell_83,spot_156,0.9346761245216123,ExcitatoryL6
1471,cell_169,spot_8,0.9355987761089078,ExcitatoryL5
1472,cell_414,spot_8,0.9355987761089078,ExcitatoryL5
1473,cell_1207,spot_8,0.9355987761089078,ExcitatoryL5
1474,cell_606,spot_8,0.9355987761089078,ExcitatoryL5
1475,cell_884,spot_8,0.9355987761089078,Olig
1476,cell_155,spot_8,0.9355987761089078,Olig
1477,cell_1061,spot_8,0.9355987761089078,ExcitatoryL6
1478,cell_112,spot_8,0.9355987761089078,ExcitatoryL6
1479,cell_985,spot_8,0.9355987761089078,ExcitatoryL6
1480,cell_62,spot_8,0.9355987761089078,ExcitatoryL6
1481,cell_35,spot_6,0.9550846331106841,ExcitatoryL5
1482,cell_921,spot_6,0.9550846331106841,Olig
1483,cell_721,spot_6,0.9550846331106841,ExcitatoryL4
1484,cell_344,spot_6,0.9550846331106841,ExcitatoryL6
1485,cell_14,spot_6,0.9550846331106841,ExcitatoryL6
1486,cell_2,spot_6,0.9550846331106841,ExcitatoryL6
1487,cell_252,spot_6,0.9550846331106841,ExcitatoryL6
1488,cell_1454,spot_6,0.9550846331106841,ExcitatoryL6
1489,cell_144,spot_6,0.9550846331106841,ExcitatoryL6
1490,cell_327,spot_6,0.9550846331106841,ExcitatoryL6
1491,cell_907,spot_5,0.9297957875998379,Other
1492,cell_44,spot_5,0.9297957875998379,ExcitatoryL6
1493,cell_1401,spot_5,0.9297957875998379,ExcitatoryL6
1494,cell_686,spot_5,0.9297957875998379,ExcitatoryL6
1495,cell_497,spot_5,0.9297957875998379,ExcitatoryL6
1496,cell_87,spot_5,0.9297957875998379,ExcitatoryL6
1497,cell_147,spot_5,0.9297957875998379,ExcitatoryL6
1498,cell_131,spot_5,0.9297957875998379,ExcitatoryL6
1499,cell_1386,spot_5,0.9297957875998379,ExcitatoryL6
1500,cell_1095,spot_5,0.9297957875998379,ExcitatoryL6
1501,cell_1347,spot_5,0.9297957875998379,ExcitatoryL6
1502,cell_995,spot_132,0.578354458893415,Npy
1503,cell_1448,spot_132,0.578354458893415,Npy
1504,cell_1037,spot_66,0.9633786241054944,Astro
1505,cell_996,spot_66,0.9633786241054944,Astro
1506,cell_936,spot_66,0.9633786241054944,Astro
1507,cell_580,spot_66,0.9633786241054944,ExcitatoryL5
1508,cell_606,spot_66,0.9633786241054944,ExcitatoryL5
1509,cell_196,spot_66,0.9633786241054944,ExcitatoryL5
1510,cell_585,spot_66,0.9633786241054944,ExcitatoryL5
1511,cell_507,spot_66,0.9633786241054944,ExcitatoryL6
1512,cell_412,spot_66,0.9633786241054944,ExcitatoryL6
1513,cell_922,spot_66,0.9633786241054944,ExcitatoryL6
1514,cell_882,spot_97,0.9426236326093271,Astro
1515,cell_360,spot_97,0.9426236326093271,Astro
1516,cell_912,spot_97,0.9426236326093271,Astro
1517,cell_806,spot_97,0.9426236326093271,Olig
1518,cell_1206,spot_97,0.9426236326093271,Olig
1519,cell_1217,spot_97,0.9426236326093271,Olig
1520,cell_1067,spot_2,0.9387562743261857,Olig
1521,cell_47,spot_2,0.9387562743261857,Olig
1522,cell_881,spot_2,0.9387562743261857,Olig
1523,cell_554,spot_2,0.9387562743261857,Olig
1524,cell_439,spot_2,0.9387562743261857,Olig
1525,cell_151,spot_2,0.9387562743261857,Olig
1526,cell_322,spot_2,0.9387562743261857,Olig
1527,cell_1047,spot_2,0.9387562743261857,ExcitatoryL6
1528,cell_783,spot_40,0.8970242846534813,Astro
1529,cell_955,spot_40,0.8970242846534813,Astro
1530,cell_522,spot_40,0.8970242846534813,Astro
1531,cell_1381,spot_40,0.8970242846534813,Olig
1532,cell_309,spot_40,0.8970242846534813,Olig
1533,cell_1067,spot_40,0.8970242846534813,Olig
1534,cell_1158,spot_40,0.8970242846534813,Olig
1535,cell_525,spot_40,0.8970242846534813,Olig
1536,cell_967,spot_7,0.914824824320284,ExcitatoryL5
1537,cell_724,spot_7,0.914824824320284,ExcitatoryL5
1538,cell_1184,spot_7,0.914824824320284,ExcitatoryL2and3
1539,cell_642,spot_7,0.914824824320284,Olig
1540,cell_90,spot_7,0.914824824320284,Endo
1541,cell_283,spot_7,0.914824824320284,Endo
1542,cell_748,spot_7,0.914824824320284,Endo
1543,cell_503,spot_7,0.914824824320284,ExcitatoryL4
1544,cell_739,spot_7,0.914824824320284,ExcitatoryL6
1545,cell_440,spot_7,0.914824824320284,ExcitatoryL6
1546,cell_192,spot_114,0.8789140930317959,Astro
1547,cell_764,spot_114,0.8789140930317959,Astro
1548,cell_802,spot_114,0.8789140930317959,Other
1549,cell_1042,spot_114,0.8789140930317959,Pvalb
1550,cell_1515,spot_114,0.8789140930317959,Pvalb
1551,cell_351,spot_114,0.8789140930317959,ExcitatoryL6
1552,cell_101,spot_114,0.8789140930317959,ExcitatoryL6
1553,cell_962,spot_125,0.9336431608189645,Astro
1554,cell_471,spot_125,0.9336431608189645,Sst
1555,cell_990,spot_125,0.9336431608189645,ExcitatoryL2and3
1556,cell_559,spot_125,0.9336431608189645,Olig
1557,cell_1074,spot_125,0.9336431608189645,Olig
1558,cell_940,spot_125,0.9336431608189645,ExcitatoryL4
1559,cell_1013,spot_125,0.9336431608189645,ExcitatoryL4
1560,cell_790,spot_125,0.9336431608189645,ExcitatoryL4
1561,cell_831,spot_125,0.9336431608189645,ExcitatoryL6
1562,cell_96,spot_103,0.95800828162127,Astro
1563,cell_1459,spot_103,0.95800828162127,Astro
1564,cell_794,spot_103,0.95800828162127,ExcitatoryL5
1565,cell_46,spot_103,0.95800828162127,ExcitatoryL5
1566,cell_1498,spot_103,0.95800828162127,ExcitatoryL5
1567,cell_226,spot_103,0.95800828162127,ExcitatoryL5
1568,cell_778,spot_103,0.95800828162127,ExcitatoryL5
1569,cell_409,spot_103,0.95800828162127,Other
1570,cell_648,spot_103,0.95800828162127,Other
1571,cell_908,spot_103,0.95800828162127,Pvalb
1572,cell_1444,spot_103,0.95800828162127,Pvalb
1573,cell_1367,spot_103,0.95800828162127,ExcitatoryL6
1574,cell_922,spot_103,0.95800828162127,ExcitatoryL6
1575,cell_515,spot_58,0.922713264569143,Astro
1576,cell_522,spot_58,0.922713264569143,Astro
1577,cell_420,spot_58,0.922713264569143,Astro
1578,cell_25,spot_58,0.922713264569143,Astro
1579,cell_255,spot_58,0.922713264569143,ExcitatoryL5
1580,cell_334,spot_58,0.922713264569143,Olig
1581,cell_1338,spot_155,0.9485610056213866,Olig
1582,cell_1406,spot_155,0.9485610056213866,Olig
1583,cell_210,spot_155,0.9485610056213866,Endo
1584,cell_1270,spot_155,0.9485610056213866,Micro
1585,cell_686,spot_155,0.9485610056213866,ExcitatoryL6
1586,cell_1268,spot_155,0.9485610056213866,ExcitatoryL6
1587,cell_1401,spot_155,0.9485610056213866,ExcitatoryL6
1588,cell_1365,spot_155,0.9485610056213866,ExcitatoryL6
1589,cell_336,spot_155,0.9485610056213866,ExcitatoryL6
1590,cell_1347,spot_155,0.9485610056213866,ExcitatoryL6
1591,cell_742,spot_155,0.9485610056213866,ExcitatoryL6
1592,cell_1352,spot_155,0.9485610056213866,ExcitatoryL6
1593,cell_682,spot_93,0.8804486975116692,Astro
1594,cell_907,spot_93,0.8804486975116692,Other
1595,cell_722,spot_93,0.8804486975116692,Other
1596,cell_161,spot_93,0.8804486975116692,Other
1597,cell_1494,spot_121,0.9221507277367149,ExcitatoryL5
1598,cell_1032,spot_121,0.9221507277367149,ExcitatoryL5
1599,cell_187,spot_121,0.9221507277367149,Sst
1600,cell_1269,spot_121,0.9221507277367149,Sst
1601,cell_1007,spot_121,0.9221507277367149,Olig
1602,cell_1076,spot_121,0.9221507277367149,Olig
1603,cell_972,spot_121,0.9221507277367149,Endo
1604,cell_776,spot_121,0.9221507277367149,Endo
1605,cell_816,spot_121,0.9221507277367149,Micro
1606,cell_612,spot_121,0.9221507277367149,ExcitatoryL6
1607,cell_600,spot_18,0.9216869015076756,Other
1608,cell_156,spot_18,0.9216869015076756,Other
1609,cell_37,spot_18,0.9216869015076756,Other
1610,cell_1104,spot_151,0.9684531845573023,Astro
1611,cell_1120,spot_151,0.9684531845573023,Astro
1612,cell_1236,spot_151,0.9684531845573023,Astro
1613,cell_1374,spot_151,0.9684531845573023,Smc
1614,cell_1220,spot_151,0.9684531845573023,Smc
1615,cell_1466,spot_151,0.9684531845573023,Smc
1616,cell_1172,spot_151,0.9684531845573023,Smc
1617,cell_1230,spot_151,0.9684531845573023,Smc
1618,cell_158,spot_151,0.9684531845573023,Endo
1619,cell_1227,spot_151,0.9684531845573023,Endo
1620,cell_924,spot_101,0.957297822116026,ExcitatoryL2and3
1621,cell_452,spot_101,0.957297822116026,Olig
1622,cell_943,spot_101,0.957297822116026,ExcitatoryL4
1623,cell_1366,spot_101,0.957297822116026,ExcitatoryL4
1624,cell_833,spot_101,0.957297822116026,Pvalb
1625,cell_460,spot_101,0.957297822116026,Pvalb
1626,cell_866,spot_101,0.957297822116026,ExcitatoryL6
1627,cell_534,spot_101,0.957297822116026,ExcitatoryL6
1628,cell_249,spot_101,0.957297822116026,ExcitatoryL6
1629,cell_41,spot_9,0.9573725525866105,ExcitatoryL5
1630,cell_42,spot_9,0.9573725525866105,ExcitatoryL5
1631,cell_785,spot_9,0.9573725525866105,ExcitatoryL5
1632,cell_149,spot_9,0.9573725525866105,ExcitatoryL5
1633,cell_888,spot_9,0.9573725525866105,ExcitatoryL5
1634,cell_171,spot_9,0.9573725525866105,Olig
1635,cell_114,spot_9,0.9573725525866105,Olig
1636,cell_1068,spot_9,0.9573725525866105,Olig
1637,cell_72,spot_9,0.9573725525866105,Endo
1638,cell_337,spot_9,0.9573725525866105,Endo
1639,cell_754,spot_9,0.9573725525866105,ExcitatoryL6
1640,cell_302,spot_30,0.9180829707834413,Endo
1641,cell_234,spot_30,0.9180829707834413,Endo
1642,cell_297,spot_30,0.9180829707834413,Endo
1643,cell_179,spot_30,0.9180829707834413,Endo
1644,cell_276,spot_30,0.9180829707834413,Endo
1645,cell_738,spot_30,0.9180829707834413,Endo
1646,cell_273,spot_30,0.9180829707834413,Endo
1647,cell_88,spot_30,0.9180829707834413,ExcitatoryL4
1648,cell_343,spot_30,0.9180829707834413,ExcitatoryL4
1649,cell_567,spot_30,0.9180829707834413,ExcitatoryL4
1650,cell_1506,spot_30,0.9180829707834413,ExcitatoryL4
1651,cell_1133,spot_142,0.9342855762851966,Astro
1652,cell_1140,spot_142,0.9342855762851966,ExcitatoryL5
1653,cell_1222,spot_142,0.9342855762851966,ExcitatoryL5
1654,cell_513,spot_142,0.9342855762851966,ExcitatoryL4
1655,cell_1188,spot_142,0.9342855762851966,ExcitatoryL4
1656,cell_813,spot_142,0.9342855762851966,ExcitatoryL4
1657,cell_1154,spot_142,0.9342855762851966,Pvalb
1658,cell_329,spot_82,0.9214960068282274,Astro
1659,cell_248,spot_82,0.9214960068282274,ExcitatoryL2and3
1660,cell_289,spot_82,0.9214960068282274,ExcitatoryL2and3
1661,cell_1085,spot_82,0.9214960068282274,Micro
1662,cell_413,spot_82,0.9214960068282274,Micro
1663,cell_1444,spot_82,0.9214960068282274,Pvalb
1664,cell_798,spot_82,0.9214960068282274,Pvalb
1665,cell_1221,spot_82,0.9214960068282274,ExcitatoryL6
1666,cell_747,spot_82,0.9214960068282274,ExcitatoryL6
1667,cell_735,spot_82,0.9214960068282274,ExcitatoryL6
1668,cell_703,spot_82,0.9214960068282274,ExcitatoryL6
1669,cell_444,spot_45,0.9170447259212535,Astro
1670,cell_173,spot_45,0.9170447259212535,Astro
1671,cell_960,spot_45,0.9170447259212535,ExcitatoryL5
1672,cell_1436,spot_45,0.9170447259212535,Endo
1673,cell_489,spot_45,0.9170447259212535,Endo
1674,cell_388,spot_45,0.9170447259212535,Micro
1675,cell_412,spot_45,0.9170447259212535,ExcitatoryL6
1676,cell_1061,spot_45,0.9170447259212535,ExcitatoryL6
1677,cell_268,spot_45,0.9170447259212535,ExcitatoryL6
1678,cell_1355,spot_158,0.9586473257840363,ExcitatoryL5
1679,cell_386,spot_158,0.9586473257840363,ExcitatoryL5
1680,cell_675,spot_158,0.9586473257840363,Sst
1681,cell_1180,spot_158,0.9586473257840363,ExcitatoryL2and3
1682,cell_551,spot_158,0.9586473257840363,ExcitatoryL2and3
1683,cell_1422,spot_158,0.9586473257840363,Pvalb
1684,cell_1307,spot_158,0.9586473257840363,Pvalb
1685,cell_674,spot_158,0.9586473257840363,Pvalb
1686,cell_1367,spot_158,0.9586473257840363,ExcitatoryL6
1687,cell_664,spot_158,0.9586473257840363,ExcitatoryL6
1688,cell_967,spot_124,0.9282759932947311,ExcitatoryL5
1689,cell_1380,spot_124,0.9282759932947311,Endo
1690,cell_1124,spot_124,0.9282759932947311,ExcitatoryL4
1691,cell_28,spot_124,0.9282759932947311,ExcitatoryL4
1692,cell_993,spot_124,0.9282759932947311,ExcitatoryL4
1693,cell_477,spot_124,0.9282759932947311,ExcitatoryL4
1694,cell_1291,spot_124,0.9282759932947311,ExcitatoryL4
1695,cell_942,spot_124,0.9282759932947311,ExcitatoryL4
1696,cell_457,spot_124,0.9282759932947311,ExcitatoryL6
1697,cell_1061,spot_124,0.9282759932947311,ExcitatoryL6
1698,cell_1466,spot_189,0.8830038454858816,Smc
1699,cell_1374,spot_189,0.8830038454858816,Smc
1700,cell_1172,spot_189,0.8830038454858816,Smc
1701,cell_1317,spot_189,0.8830038454858816,Smc
1702,cell_1447,spot_189,0.8830038454858816,Smc
1703,cell_1280,spot_189,0.8830038454858816,Smc
1704,cell_808,spot_96,0.8751765897808337,Astro
1705,cell_966,spot_96,0.8751765897808337,Astro
1706,cell_938,spot_96,0.8751765897808337,Olig
1707,cell_881,spot_96,0.8751765897808337,Olig
1708,cell_326,spot_96,0.8751765897808337,Olig
1709,cell_957,spot_96,0.8751765897808337,Olig
1710,cell_900,spot_96,0.8751765897808337,ExcitatoryL6
1711,cell_361,spot_23,0.9347955031534771,Astro
1712,cell_64,spot_23,0.9347955031534771,Olig
1713,cell_701,spot_23,0.9347955031534771,ExcitatoryL6
1714,cell_209,spot_23,0.9347955031534771,ExcitatoryL6
1715,cell_336,spot_23,0.9347955031534771,ExcitatoryL6
1716,cell_598,spot_23,0.9347955031534771,ExcitatoryL6
1717,cell_269,spot_23,0.9347955031534771,ExcitatoryL6
1718,cell_105,spot_23,0.9347955031534771,ExcitatoryL6
1719,cell_1176,spot_23,0.9347955031534771,ExcitatoryL6
1720,cell_650,spot_23,0.9347955031534771,ExcitatoryL6
1721,cell_332,spot_23,0.9347955031534771,ExcitatoryL6
1722,cell_96,spot_0,0.8960375598127049,Astro
1723,cell_1468,spot_0,0.8960375598127049,Astro
1724,cell_436,spot_0,0.8960375598127049,Sst
1725,cell_638,spot_0,0.8960375598127049,Endo
1726,cell_140,spot_0,0.8960375598127049,Endo
1727,cell_103,spot_0,0.8960375598127049,HPC
1728,cell_79,spot_0,0.8960375598127049,HPC
1729,cell_631,spot_0,0.8960375598127049,HPC
1730,cell_1404,spot_144,0.9405134236641572,ExcitatoryL2and3
1731,cell_987,spot_144,0.9405134236641572,ExcitatoryL2and3
1732,cell_532,spot_144,0.9405134236641572,Endo
1733,cell_1231,spot_144,0.9405134236641572,Endo
1734,cell_940,spot_144,0.9405134236641572,ExcitatoryL4
1735,cell_665,spot_144,0.9405134236641572,ExcitatoryL4
1736,cell_219,spot_144,0.9405134236641572,ExcitatoryL4
1737,cell_1124,spot_144,0.9405134236641572,ExcitatoryL4
1738,cell_1274,spot_144,0.9405134236641572,ExcitatoryL4
1739,cell_1145,spot_144,0.9405134236641572,ExcitatoryL4
1740,cell_914,spot_144,0.9405134236641572,ExcitatoryL4
1741,cell_1252,spot_144,0.9405134236641572,ExcitatoryL4
1742,cell_705,spot_146,0.9483096226675927,Astro
1743,cell_1183,spot_146,0.9483096226675927,ExcitatoryL2and3
1744,cell_1243,spot_146,0.9483096226675927,ExcitatoryL2and3
1745,cell_1224,spot_146,0.9483096226675927,ExcitatoryL2and3
1746,cell_780,spot_146,0.9483096226675927,ExcitatoryL2and3
1747,cell_609,spot_146,0.9483096226675927,ExcitatoryL2and3
1748,cell_422,spot_146,0.9483096226675927,ExcitatoryL2and3
1749,cell_442,spot_146,0.9483096226675927,ExcitatoryL2and3
1750,cell_1442,spot_146,0.9483096226675927,ExcitatoryL2and3
1751,cell_589,spot_146,0.9483096226675927,ExcitatoryL2and3
1752,cell_533,spot_146,0.9483096226675927,ExcitatoryL2and3
1753,cell_941,spot_146,0.9483096226675927,Endo
1754,cell_1150,spot_146,0.9483096226675927,Endo
1755,cell_576,spot_65,0.9425231920706211,ExcitatoryL5
1756,cell_526,spot_65,0.9425231920706211,ExcitatoryL5
1757,cell_695,spot_65,0.9425231920706211,Other
1758,cell_667,spot_65,0.9425231920706211,Olig
1759,cell_1256,spot_65,0.9425231920706211,Olig
1760,cell_1489,spot_65,0.9425231920706211,Olig
1761,cell_298,spot_65,0.9425231920706211,Endo
1762,cell_594,spot_65,0.9425231920706211,Endo
1763,cell_1514,spot_65,0.9425231920706211,ExcitatoryL6
1764,cell_1131,spot_65,0.9425231920706211,ExcitatoryL6
1765,cell_575,spot_65,0.9425231920706211,ExcitatoryL6
1766,cell_447,spot_68,0.9552534584109539,Astro
1767,cell_601,spot_68,0.9552534584109539,Astro
1768,cell_539,spot_68,0.9552534584109539,Other
1769,cell_330,spot_68,0.9552534584109539,Endo
1770,cell_743,spot_68,0.9552534584109539,ExcitatoryL4
1771,cell_716,spot_68,0.9552534584109539,ExcitatoryL4
1772,cell_753,spot_68,0.9552534584109539,ExcitatoryL4
1773,cell_661,spot_68,0.9552534584109539,ExcitatoryL4
1774,cell_1192,spot_68,0.9552534584109539,ExcitatoryL4
1775,cell_611,spot_68,0.9552534584109539,ExcitatoryL4
1776,cell_1410,spot_68,0.9552534584109539,ExcitatoryL4
1777,cell_1229,spot_127,0.9212175299214003,ExcitatoryL2and3
1778,cell_1005,spot_127,0.9212175299214003,ExcitatoryL2and3
1779,cell_148,spot_127,0.9212175299214003,ExcitatoryL2and3
1780,cell_578,spot_127,0.9212175299214003,ExcitatoryL2and3
1781,cell_1065,spot_127,0.9212175299214003,ExcitatoryL2and3
1782,cell_1122,spot_127,0.9212175299214003,ExcitatoryL2and3
1783,cell_904,spot_127,0.9212175299214003,ExcitatoryL2and3
1784,cell_1015,spot_127,0.9212175299214003,Olig
1785,cell_1354,spot_127,0.9212175299214003,Olig
1786,cell_222,spot_127,0.9212175299214003,Endo
1787,cell_330,spot_127,0.9212175299214003,Endo
1788,cell_1420,spot_104,0.9538523730206427,ExcitatoryL5
1789,cell_414,spot_104,0.9538523730206427,ExcitatoryL5
1790,cell_178,spot_104,0.9538523730206427,Other
1791,cell_884,spot_104,0.9538523730206427,Olig
1792,cell_630,spot_104,0.9538523730206427,Olig
1793,cell_61,spot_104,0.9538523730206427,Olig
1794,cell_949,spot_104,0.9538523730206427,Micro
1795,cell_834,spot_104,0.9538523730206427,Pvalb
1796,cell_830,spot_104,0.9538523730206427,ExcitatoryL6
1797,cell_472,spot_104,0.9538523730206427,ExcitatoryL6
