,count,prob
cell_0,1.0,0.9330329915368074
cell_1,2.0,0.8705505632961241
cell_2,1.0,0.9330329915368074
cell_3,1.0,0.9330329915368074
cell_4,1.0,0.9330329915368074
cell_5,1.0,0.9330329915368074
cell_6,1.0,0.9330329915368074
cell_7,1.0,0.9330329915368074
cell_8,1.0,0.9330329915368074
cell_9,2.0,0.8705505632961241
cell_10,1.0,0.9330329915368074
cell_11,1.0,0.9330329915368074
cell_12,1.0,0.9330329915368074
cell_13,2.0,0.8705505632961241
cell_14,1.0,0.9330329915368074
cell_15,1.0,0.9330329915368074
cell_16,1.0,0.9330329915368074
cell_17,1.0,0.9330329915368074
cell_18,2.0,0.8705505632961241
cell_19,1.0,0.9330329915368074
cell_20,1.0,0.9330329915368074
cell_21,1.0,0.9330329915368074
cell_22,2.0,0.8705505632961241
cell_23,1.0,0.9330329915368074
cell_24,1.0,0.9330329915368074
cell_25,1.0,0.9330329915368074
cell_26,1.0,0.9330329915368074
cell_27,1.0,0.9330329915368074
cell_28,1.0,0.9330329915368074
cell_29,1.0,0.9330329915368074
cell_30,1.0,0.9330329915368074
cell_31,1.0,0.9330329915368074
cell_32,1.0,0.9330329915368074
cell_33,1.0,0.9330329915368074
cell_34,1.0,0.9330329915368074
cell_35,1.0,0.9330329915368074
cell_36,1.0,0.9330329915368074
cell_37,1.0,0.9330329915368074
cell_38,1.0,0.9330329915368074
cell_39,1.0,0.9330329915368074
cell_40,1.0,0.9330329915368074
cell_41,1.0,0.9330329915368074
cell_42,1.0,0.9330329915368074
cell_43,1.0,0.9330329915368074
cell_44,1.0,0.9330329915368074
cell_45,2.0,0.8705505632961241
cell_46,1.0,0.9330329915368074
cell_47,1.0,0.9330329915368074
cell_48,1.0,0.9330329915368074
cell_49,1.0,0.9330329915368074
cell_50,1.0,0.9330329915368074
cell_51,2.0,0.8705505632961241
cell_52,1.0,0.9330329915368074
cell_53,1.0,0.9330329915368074
cell_54,2.0,0.8705505632961241
cell_55,1.0,0.9330329915368074
cell_56,1.0,0.9330329915368074
cell_57,1.0,0.9330329915368074
cell_58,1.0,0.9330329915368074
cell_59,2.0,0.8705505632961241
cell_60,2.0,0.8705505632961241
cell_61,0.0,1.0
cell_62,1.0,0.9330329915368074
cell_63,1.0,0.9330329915368074
cell_64,1.0,0.9330329915368074
cell_65,1.0,0.9330329915368074
cell_66,1.0,0.9330329915368074
cell_67,1.0,0.9330329915368074
cell_68,1.0,0.9330329915368074
cell_69,1.0,0.9330329915368074
cell_70,2.0,0.8705505632961241
cell_71,1.0,0.9330329915368074
cell_72,2.0,0.8705505632961241
cell_73,1.0,0.9330329915368074
cell_74,1.0,0.9330329915368074
cell_75,1.0,0.9330329915368074
cell_76,1.0,0.9330329915368074
cell_77,1.0,0.9330329915368074
cell_78,1.0,0.9330329915368074
cell_79,2.0,0.8705505632961241
cell_80,1.0,0.9330329915368074
cell_81,1.0,0.9330329915368074
cell_82,1.0,0.9330329915368074
cell_83,1.0,0.9330329915368074
cell_84,1.0,0.9330329915368074
cell_85,1.0,0.9330329915368074
cell_86,1.0,0.9330329915368074
cell_87,1.0,0.9330329915368074
cell_88,1.0,0.9330329915368074
cell_89,1.0,0.9330329915368074
cell_90,1.0,0.9330329915368074
cell_91,1.0,0.9330329915368074
cell_92,1.0,0.9330329915368074
cell_93,1.0,0.9330329915368074
cell_94,2.0,0.8705505632961241
cell_95,1.0,0.9330329915368074
cell_96,1.0,0.9330329915368074
cell_97,1.0,0.9330329915368074
cell_98,2.0,0.8705505632961241
cell_99,1.0,0.9330329915368074
cell_100,1.0,0.9330329915368074
cell_101,1.0,0.9330329915368074
cell_102,1.0,0.9330329915368074
cell_103,2.0,0.8705505632961241
cell_104,1.0,0.9330329915368074
cell_105,1.0,0.9330329915368074
cell_106,1.0,0.9330329915368074
cell_107,1.0,0.9330329915368074
cell_108,1.0,0.9330329915368074
cell_109,1.0,0.9330329915368074
cell_110,1.0,0.9330329915368074
cell_111,1.0,0.9330329915368074
cell_112,1.0,0.9330329915368074
cell_113,1.0,0.9330329915368074
cell_114,1.0,0.9330329915368074
cell_115,1.0,0.9330329915368074
cell_116,1.0,0.9330329915368074
cell_117,2.0,0.8705505632961241
cell_118,1.0,0.9330329915368074
cell_119,1.0,0.9330329915368074
cell_120,1.0,0.9330329915368074
cell_121,1.0,0.9330329915368074
cell_122,2.0,0.8705505632961241
cell_123,1.0,0.9330329915368074
cell_124,1.0,0.9330329915368074
cell_125,1.0,0.9330329915368074
cell_126,1.0,0.9330329915368074
cell_127,2.0,0.8705505632961241
cell_128,1.0,0.9330329915368074
cell_129,0.0,1.0
cell_130,2.0,0.8705505632961241
cell_131,1.0,0.9330329915368074
cell_132,1.0,0.9330329915368074
cell_133,1.0,0.9330329915368074
cell_134,2.0,0.8705505632961241
cell_135,1.0,0.9330329915368074
cell_136,1.0,0.9330329915368074
cell_137,1.0,0.9330329915368074
cell_138,1.0,0.9330329915368074
cell_139,1.0,0.9330329915368074
cell_140,1.0,0.9330329915368074
cell_141,2.0,0.8705505632961241
cell_142,1.0,0.9330329915368074
cell_143,1.0,0.9330329915368074
cell_144,1.0,0.9330329915368074
cell_145,2.0,0.8705505632961241
cell_146,1.0,0.9330329915368074
cell_147,1.0,0.9330329915368074
cell_148,1.0,0.9330329915368074
cell_149,1.0,0.9330329915368074
cell_150,1.0,0.9330329915368074
cell_151,1.0,0.9330329915368074
cell_152,2.0,0.8705505632961241
cell_153,1.0,0.9330329915368074
cell_154,1.0,0.9330329915368074
cell_155,1.0,0.9330329915368074
cell_156,1.0,0.9330329915368074
cell_157,2.0,0.8705505632961241
cell_158,1.0,0.9330329915368074
cell_159,2.0,0.8705505632961241
cell_160,1.0,0.9330329915368074
cell_161,1.0,0.9330329915368074
cell_162,1.0,0.9330329915368074
cell_163,1.0,0.9330329915368074
cell_164,2.0,0.8705505632961241
cell_165,1.0,0.9330329915368074
cell_166,1.0,0.9330329915368074
cell_167,1.0,0.9330329915368074
cell_168,1.0,0.9330329915368074
cell_169,2.0,0.8705505632961241
cell_170,2.0,0.8705505632961241
cell_171,1.0,0.9330329915368074
cell_172,1.0,0.9330329915368074
cell_173,1.0,0.9330329915368074
cell_174,1.0,0.9330329915368074
cell_175,1.0,0.9330329915368074
cell_176,2.0,0.8705505632961241
cell_177,1.0,0.9330329915368074
cell_178,1.0,0.9330329915368074
cell_179,1.0,0.9330329915368074
cell_180,1.0,0.9330329915368074
cell_181,2.0,0.8705505632961241
cell_182,1.0,0.9330329915368074
cell_183,1.0,0.9330329915368074
cell_184,1.0,0.9330329915368074
cell_185,1.0,0.9330329915368074
cell_186,2.0,0.8705505632961241
cell_187,1.0,0.9330329915368074
cell_188,1.0,0.9330329915368074
cell_189,1.0,0.9330329915368074
cell_190,1.0,0.9330329915368074
cell_191,1.0,0.9330329915368074
cell_192,1.0,0.9330329915368074
cell_193,2.0,0.8705505632961241
cell_194,1.0,0.9330329915368074
cell_195,1.0,0.9330329915368074
cell_196,1.0,0.9330329915368074
cell_197,1.0,0.9330329915368074
cell_198,2.0,0.8705505632961241
cell_199,1.0,0.9330329915368074
cell_200,1.0,0.9330329915368074
cell_201,2.0,0.8705505632961241
cell_202,1.0,0.9330329915368074
cell_203,1.0,0.9330329915368074
cell_204,2.0,0.8705505632961241
cell_205,1.0,0.9330329915368074
cell_206,2.0,0.8705505632961241
cell_207,2.0,0.8705505632961241
cell_208,1.0,0.9330329915368074
cell_209,1.0,0.9330329915368074
cell_210,1.0,0.9330329915368074
cell_211,1.0,0.9330329915368074
cell_212,1.0,0.9330329915368074
cell_213,2.0,0.8705505632961241
cell_214,1.0,0.9330329915368074
cell_215,2.0,0.8705505632961241
cell_216,1.0,0.9330329915368074
cell_217,1.0,0.9330329915368074
cell_218,2.0,0.8705505632961241
cell_219,1.0,0.9330329915368074
cell_220,1.0,0.9330329915368074
cell_221,2.0,0.8705505632961241
cell_222,1.0,0.9330329915368074
cell_223,1.0,0.9330329915368074
cell_224,1.0,0.9330329915368074
cell_225,1.0,0.9330329915368074
cell_226,1.0,0.9330329915368074
cell_227,1.0,0.9330329915368074
cell_228,2.0,0.8705505632961241
cell_229,2.0,0.8705505632961241
cell_230,1.0,0.9330329915368074
cell_231,1.0,0.9330329915368074
cell_232,1.0,0.9330329915368074
cell_233,1.0,0.9330329915368074
cell_234,1.0,0.9330329915368074
cell_235,2.0,0.8705505632961241
cell_236,2.0,0.8705505632961241
cell_237,1.0,0.9330329915368074
cell_238,1.0,0.9330329915368074
cell_239,1.0,0.9330329915368074
cell_240,1.0,0.9330329915368074
cell_241,2.0,0.8705505632961241
cell_242,1.0,0.9330329915368074
cell_243,1.0,0.9330329915368074
cell_244,2.0,0.8705505632961241
cell_245,2.0,0.8705505632961241
cell_246,1.0,0.9330329915368074
cell_247,1.0,0.9330329915368074
cell_248,1.0,0.9330329915368074
cell_249,1.0,0.9330329915368074
cell_250,1.0,0.9330329915368074
cell_251,1.0,0.9330329915368074
cell_252,1.0,0.9330329915368074
cell_253,1.0,0.9330329915368074
cell_254,1.0,0.9330329915368074
cell_255,2.0,0.8705505632961241
cell_256,1.0,0.9330329915368074
cell_257,1.0,0.9330329915368074
cell_258,1.0,0.9330329915368074
cell_259,1.0,0.9330329915368074
cell_260,2.0,0.8705505632961241
cell_261,1.0,0.9330329915368074
cell_262,1.0,0.9330329915368074
cell_263,1.0,0.9330329915368074
cell_264,1.0,0.9330329915368074
cell_265,1.0,0.9330329915368074
cell_266,1.0,0.9330329915368074
cell_267,2.0,0.8705505632961241
cell_268,1.0,0.9330329915368074
cell_269,1.0,0.9330329915368074
cell_270,2.0,0.8705505632961241
cell_271,1.0,0.9330329915368074
cell_272,2.0,0.8705505632961241
cell_273,1.0,0.9330329915368074
cell_274,2.0,0.8705505632961241
cell_275,1.0,0.9330329915368074
cell_276,1.0,0.9330329915368074
cell_277,1.0,0.9330329915368074
cell_278,1.0,0.9330329915368074
cell_279,1.0,0.9330329915368074
cell_280,2.0,0.8705505632961241
cell_281,1.0,0.9330329915368074
cell_282,2.0,0.8705505632961241
cell_283,1.0,0.9330329915368074
cell_284,1.0,0.9330329915368074
cell_285,1.0,0.9330329915368074
cell_286,1.0,0.9330329915368074
cell_287,1.0,0.9330329915368074
cell_288,1.0,0.9330329915368074
cell_289,1.0,0.9330329915368074
cell_290,2.0,0.8705505632961241
cell_291,1.0,0.9330329915368074
cell_292,1.0,0.9330329915368074
cell_293,1.0,0.9330329915368074
cell_294,1.0,0.9330329915368074
cell_295,2.0,0.8705505632961241
cell_296,1.0,0.9330329915368074
cell_297,1.0,0.9330329915368074
cell_298,1.0,0.9330329915368074
cell_299,1.0,0.9330329915368074
cell_300,2.0,0.8705505632961241
cell_301,1.0,0.9330329915368074
cell_302,1.0,0.9330329915368074
cell_303,1.0,0.9330329915368074
cell_304,2.0,0.8705505632961241
cell_305,2.0,0.8705505632961241
cell_306,1.0,0.9330329915368074
cell_307,1.0,0.9330329915368074
cell_308,1.0,0.9330329915368074
cell_309,1.0,0.9330329915368074
cell_310,1.0,0.9330329915368074
cell_311,1.0,0.9330329915368074
cell_312,2.0,0.8705505632961241
cell_313,2.0,0.8705505632961241
cell_314,2.0,0.8705505632961241
cell_315,1.0,0.9330329915368074
cell_316,1.0,0.9330329915368074
cell_317,1.0,0.9330329915368074
cell_318,1.0,0.9330329915368074
cell_319,2.0,0.8705505632961241
cell_320,1.0,0.9330329915368074
cell_321,2.0,0.8705505632961241
cell_322,1.0,0.9330329915368074
cell_323,1.0,0.9330329915368074
cell_324,2.0,0.8705505632961241
cell_325,1.0,0.9330329915368074
cell_326,0.0,1.0
cell_327,1.0,0.9330329915368074
cell_328,1.0,0.9330329915368074
cell_329,1.0,0.9330329915368074
cell_330,0.0,1.0
cell_331,2.0,0.8705505632961241
cell_332,1.0,0.9330329915368074
cell_333,1.0,0.9330329915368074
cell_334,1.0,0.9330329915368074
cell_335,1.0,0.9330329915368074
cell_336,1.0,0.9330329915368074
cell_337,1.0,0.9330329915368074
cell_338,1.0,0.9330329915368074
cell_339,1.0,0.9330329915368074
cell_340,1.0,0.9330329915368074
cell_341,1.0,0.9330329915368074
cell_342,1.0,0.9330329915368074
cell_343,1.0,0.9330329915368074
cell_344,1.0,0.9330329915368074
cell_345,2.0,0.8705505632961241
cell_346,1.0,0.9330329915368074
cell_347,1.0,0.9330329915368074
cell_348,1.0,0.9330329915368074
cell_349,1.0,0.9330329915368074
cell_350,1.0,0.9330329915368074
cell_351,1.0,0.9330329915368074
cell_352,1.0,0.9330329915368074
cell_353,1.0,0.9330329915368074
cell_354,1.0,0.9330329915368074
cell_355,2.0,0.8705505632961241
cell_356,2.0,0.8705505632961241
cell_357,2.0,0.8705505632961241
cell_358,1.0,0.9330329915368074
cell_359,2.0,0.8705505632961241
cell_360,1.0,0.9330329915368074
cell_361,1.0,0.9330329915368074
cell_362,1.0,0.9330329915368074
cell_363,1.0,0.9330329915368074
cell_364,2.0,0.8705505632961241
cell_365,2.0,0.8705505632961241
cell_366,1.0,0.9330329915368074
cell_367,1.0,0.9330329915368074
cell_368,1.0,0.9330329915368074
cell_369,1.0,0.9330329915368074
cell_370,1.0,0.9330329915368074
cell_371,1.0,0.9330329915368074
cell_372,1.0,0.9330329915368074
cell_373,1.0,0.9330329915368074
cell_374,1.0,0.9330329915368074
cell_375,1.0,0.9330329915368074
cell_376,1.0,0.9330329915368074
cell_377,1.0,0.9330329915368074
cell_378,2.0,0.8705505632961241
cell_379,1.0,0.9330329915368074
cell_380,2.0,0.8705505632961241
cell_381,1.0,0.9330329915368074
cell_382,1.0,0.9330329915368074
cell_383,1.0,0.9330329915368074
cell_384,1.0,0.9330329915368074
cell_385,1.0,0.9330329915368074
cell_386,1.0,0.9330329915368074
cell_387,2.0,0.8705505632961241
cell_388,1.0,0.9330329915368074
cell_389,1.0,0.9330329915368074
cell_390,1.0,0.9330329915368074
cell_391,1.0,0.9330329915368074
cell_392,1.0,0.9330329915368074
cell_393,1.0,0.9330329915368074
cell_394,1.0,0.9330329915368074
cell_395,1.0,0.9330329915368074
cell_396,1.0,0.9330329915368074
cell_397,2.0,0.8705505632961241
cell_398,1.0,0.9330329915368074
cell_399,1.0,0.9330329915368074
cell_400,2.0,0.8705505632961241
cell_401,2.0,0.8705505632961241
cell_402,1.0,0.9330329915368074
cell_403,2.0,0.8705505632961241
cell_404,1.0,0.9330329915368074
cell_405,1.0,0.9330329915368074
cell_406,1.0,0.9330329915368074
cell_407,1.0,0.9330329915368074
cell_408,1.0,0.9330329915368074
cell_409,1.0,0.9330329915368074
cell_410,2.0,0.8705505632961241
cell_411,1.0,0.9330329915368074
cell_412,1.0,0.9330329915368074
cell_413,1.0,0.9330329915368074
cell_414,0.0,1.0
cell_415,2.0,0.8705505632961241
cell_416,2.0,0.8705505632961241
cell_417,1.0,0.9330329915368074
cell_418,1.0,0.9330329915368074
cell_419,1.0,0.9330329915368074
cell_420,1.0,0.9330329915368074
cell_421,0.0,1.0
cell_422,1.0,0.9330329915368074
cell_423,2.0,0.8705505632961241
cell_424,1.0,0.9330329915368074
cell_425,1.0,0.9330329915368074
cell_426,1.0,0.9330329915368074
cell_427,1.0,0.9330329915368074
cell_428,1.0,0.9330329915368074
cell_429,1.0,0.9330329915368074
cell_430,2.0,0.8705505632961241
cell_431,2.0,0.8705505632961241
cell_432,1.0,0.9330329915368074
cell_433,2.0,0.8705505632961241
cell_434,2.0,0.8705505632961241
cell_435,1.0,0.9330329915368074
cell_436,0.0,1.0
cell_437,1.0,0.9330329915368074
cell_438,1.0,0.9330329915368074
cell_439,1.0,0.9330329915368074
cell_440,1.0,0.9330329915368074
cell_441,1.0,0.9330329915368074
cell_442,1.0,0.9330329915368074
cell_443,1.0,0.9330329915368074
cell_444,1.0,0.9330329915368074
cell_445,2.0,0.8705505632961241
cell_446,1.0,0.9330329915368074
cell_447,1.0,0.9330329915368074
cell_448,1.0,0.9330329915368074
cell_449,1.0,0.9330329915368074
cell_450,1.0,0.9330329915368074
cell_451,1.0,0.9330329915368074
cell_452,1.0,0.9330329915368074
cell_453,1.0,0.9330329915368074
cell_454,1.0,0.9330329915368074
cell_455,1.0,0.9330329915368074
cell_456,1.0,0.9330329915368074
cell_457,1.0,0.9330329915368074
cell_458,1.0,0.9330329915368074
cell_459,1.0,0.9330329915368074
cell_460,1.0,0.9330329915368074
cell_461,2.0,0.8705505632961241
cell_462,2.0,0.8705505632961241
cell_463,1.0,0.9330329915368074
cell_464,1.0,0.9330329915368074
cell_465,1.0,0.9330329915368074
cell_466,2.0,0.8705505632961241
cell_467,1.0,0.9330329915368074
cell_468,1.0,0.9330329915368074
cell_469,1.0,0.9330329915368074
cell_470,2.0,0.8705505632961241
cell_471,1.0,0.9330329915368074
cell_472,0.0,0.9330329915368074
cell_473,2.0,0.8705505632961241
cell_474,1.0,0.9330329915368074
cell_475,1.0,0.9330329915368074
cell_476,1.0,0.9330329915368074
cell_477,1.0,0.9330329915368074
cell_478,1.0,0.9330329915368074
cell_479,1.0,0.9330329915368074
cell_480,1.0,0.9330329915368074
cell_481,2.0,0.8705505632961241
cell_482,1.0,0.9330329915368074
cell_483,1.0,0.9330329915368074
cell_484,2.0,0.8705505632961241
cell_485,2.0,0.8705505632961241
cell_486,0.0,1.0
cell_487,1.0,0.9330329915368074
cell_488,2.0,0.8705505632961241
cell_489,1.0,0.9330329915368074
cell_490,2.0,0.8705505632961241
cell_491,1.0,0.9330329915368074
cell_492,2.0,0.8705505632961241
cell_493,1.0,0.9330329915368074
cell_494,1.0,0.9330329915368074
cell_495,1.0,0.9330329915368074
cell_496,1.0,0.9330329915368074
cell_497,1.0,0.9330329915368074
cell_498,2.0,0.8705505632961241
cell_499,2.0,0.8705505632961241
cell_500,1.0,0.9330329915368074
cell_501,2.0,0.8705505632961241
cell_502,1.0,0.9330329915368074
cell_503,1.0,0.9330329915368074
cell_504,1.0,0.9330329915368074
cell_505,1.0,0.9330329915368074
cell_506,1.0,0.9330329915368074
cell_507,2.0,0.8705505632961241
cell_508,1.0,0.9330329915368074
cell_509,1.0,0.9330329915368074
cell_510,1.0,0.9330329915368074
cell_511,2.0,0.8705505632961241
cell_512,1.0,0.9330329915368074
cell_513,1.0,0.9330329915368074
cell_514,1.0,0.9330329915368074
cell_515,1.0,0.9330329915368074
cell_516,1.0,0.9330329915368074
cell_517,1.0,0.9330329915368074
cell_518,1.0,0.9330329915368074
cell_519,2.0,0.8705505632961241
cell_520,1.0,0.9330329915368074
cell_521,1.0,0.9330329915368074
cell_522,1.0,0.9330329915368074
cell_523,1.0,0.9330329915368074
cell_524,1.0,0.9330329915368074
cell_525,1.0,0.9330329915368074
cell_526,1.0,0.9330329915368074
cell_527,1.0,0.9330329915368074
cell_528,1.0,0.9330329915368074
cell_529,1.0,0.9330329915368074
cell_530,2.0,0.8705505632961241
cell_531,2.0,0.8705505632961241
cell_532,1.0,0.9330329915368074
cell_533,1.0,0.9330329915368074
cell_534,1.0,0.9330329915368074
cell_535,1.0,0.9330329915368074
cell_536,1.0,0.9330329915368074
cell_537,1.0,0.9330329915368074
cell_538,1.0,0.9330329915368074
cell_539,1.0,0.9330329915368074
cell_540,1.0,0.9330329915368074
cell_541,2.0,0.8705505632961241
cell_542,1.0,0.9330329915368074
cell_543,1.0,0.9330329915368074
cell_544,1.0,0.9330329915368074
cell_545,1.0,0.9330329915368074
cell_546,1.0,0.9330329915368074
cell_547,1.0,0.9330329915368074
cell_548,1.0,0.9330329915368074
cell_549,1.0,0.9330329915368074
cell_550,1.0,0.9330329915368074
cell_551,1.0,0.9330329915368074
cell_552,1.0,0.9330329915368074
cell_553,1.0,0.9330329915368074
cell_554,1.0,0.9330329915368074
cell_555,1.0,0.9330329915368074
cell_556,1.0,0.9330329915368074
cell_557,1.0,0.9330329915368074
cell_558,1.0,0.9330329915368074
cell_559,1.0,0.9330329915368074
cell_560,1.0,0.9330329915368074
cell_561,1.0,0.9330329915368074
cell_562,1.0,0.9330329915368074
cell_563,1.0,0.9330329915368074
cell_564,2.0,0.8705505632961241
cell_565,2.0,0.8705505632961241
cell_566,1.0,0.9330329915368074
cell_567,1.0,0.9330329915368074
cell_568,1.0,0.9330329915368074
cell_569,1.0,0.9330329915368074
cell_570,2.0,0.8705505632961241
cell_571,1.0,0.9330329915368074
cell_572,1.0,0.9330329915368074
cell_573,1.0,0.9330329915368074
cell_574,1.0,0.9330329915368074
cell_575,1.0,0.9330329915368074
cell_576,1.0,0.9330329915368074
cell_577,1.0,0.9330329915368074
cell_578,1.0,0.9330329915368074
cell_579,1.0,0.9330329915368074
cell_580,2.0,0.8705505632961241
cell_581,1.0,0.9330329915368074
cell_582,1.0,0.9330329915368074
cell_583,1.0,0.9330329915368074
cell_584,2.0,0.8705505632961241
cell_585,1.0,0.9330329915368074
cell_586,2.0,0.8705505632961241
cell_587,1.0,0.9330329915368074
cell_588,1.0,0.9330329915368074
cell_589,1.0,0.9330329915368074
cell_590,1.0,0.9330329915368074
cell_591,1.0,0.9330329915368074
cell_592,1.0,0.9330329915368074
cell_593,2.0,0.8705505632961241
cell_594,1.0,0.9330329915368074
cell_595,1.0,0.9330329915368074
cell_596,1.0,0.9330329915368074
cell_597,2.0,0.8705505632961241
cell_598,1.0,0.9330329915368074
cell_599,1.0,0.9330329915368074
cell_600,1.0,0.9330329915368074
cell_601,0.0,1.0
cell_602,1.0,0.9330329915368074
cell_603,2.0,0.8705505632961241
cell_604,1.0,0.9330329915368074
cell_605,1.0,0.9330329915368074
cell_606,2.0,0.8705505632961241
cell_607,1.0,0.9330329915368074
cell_608,1.0,0.9330329915368074
cell_609,1.0,0.9330329915368074
cell_610,1.0,0.9330329915368074
cell_611,1.0,0.9330329915368074
cell_612,1.0,0.9330329915368074
cell_613,2.0,0.8705505632961241
cell_614,1.0,0.9330329915368074
cell_615,2.0,0.8705505632961241
cell_616,1.0,0.9330329915368074
cell_617,1.0,0.9330329915368074
cell_618,1.0,0.9330329915368074
cell_619,2.0,0.8705505632961241
cell_620,1.0,0.9330329915368074
cell_621,1.0,0.9330329915368074
cell_622,2.0,0.8705505632961241
cell_623,2.0,0.8705505632961241
cell_624,1.0,0.9330329915368074
cell_625,1.0,0.9330329915368074
cell_626,1.0,0.9330329915368074
cell_627,1.0,0.9330329915368074
cell_628,1.0,0.9330329915368074
cell_629,1.0,0.9330329915368074
cell_630,1.0,0.9330329915368074
cell_631,0.0,1.0
cell_632,2.0,0.8705505632961241
cell_633,1.0,0.9330329915368074
cell_634,1.0,0.9330329915368074
cell_635,1.0,0.9330329915368074
cell_636,1.0,0.9330329915368074
cell_637,1.0,0.9330329915368074
cell_638,1.0,0.9330329915368074
cell_639,1.0,0.9330329915368074
cell_640,1.0,0.9330329915368074
cell_641,2.0,0.8705505632961241
cell_642,1.0,0.9330329915368074
cell_643,1.0,0.9330329915368074
cell_644,1.0,0.9330329915368074
cell_645,1.0,0.9330329915368074
cell_646,1.0,0.9330329915368074
cell_647,1.0,0.9330329915368074
cell_648,1.0,0.9330329915368074
cell_649,1.0,0.9330329915368074
cell_650,1.0,0.9330329915368074
cell_651,2.0,0.8705505632961241
cell_652,1.0,0.9330329915368074
cell_653,1.0,0.9330329915368074
cell_654,1.0,0.9330329915368074
cell_655,1.0,0.9330329915368074
cell_656,1.0,0.9330329915368074
cell_657,1.0,0.9330329915368074
cell_658,1.0,0.9330329915368074
cell_659,1.0,0.9330329915368074
cell_660,1.0,0.9330329915368074
cell_661,1.0,0.9330329915368074
cell_662,1.0,0.9330329915368074
cell_663,1.0,0.9330329915368074
cell_664,1.0,0.9330329915368074
cell_665,1.0,0.9330329915368074
cell_666,2.0,0.8705505632961241
cell_667,1.0,0.9330329915368074
cell_668,2.0,0.8705505632961241
cell_669,1.0,0.9330329915368074
cell_670,1.0,0.9330329915368074
cell_671,1.0,0.9330329915368074
cell_672,1.0,0.9330329915368074
cell_673,1.0,0.9330329915368074
cell_674,1.0,0.9330329915368074
cell_675,1.0,0.9330329915368074
cell_676,1.0,0.9330329915368074
cell_677,1.0,0.9330329915368074
cell_678,1.0,0.9330329915368074
cell_679,1.0,0.9330329915368074
cell_680,2.0,0.8705505632961241
cell_681,1.0,0.9330329915368074
cell_682,1.0,0.9330329915368074
cell_683,1.0,0.9330329915368074
cell_684,2.0,0.8705505632961241
cell_685,1.0,0.9330329915368074
cell_686,1.0,0.9330329915368074
cell_687,1.0,0.9330329915368074
cell_688,1.0,0.9330329915368074
cell_689,1.0,0.9330329915368074
cell_690,1.0,0.9330329915368074
cell_691,1.0,0.9330329915368074
cell_692,1.0,0.9330329915368074
cell_693,1.0,0.9330329915368074
cell_694,1.0,0.9330329915368074
cell_695,1.0,0.9330329915368074
cell_696,1.0,0.9330329915368074
cell_697,1.0,0.9330329915368074
cell_698,1.0,0.9330329915368074
cell_699,1.0,0.9330329915368074
cell_700,1.0,0.9330329915368074
cell_701,1.0,0.9330329915368074
cell_702,1.0,0.9330329915368074
cell_703,2.0,0.8705505632961241
cell_704,1.0,0.9330329915368074
cell_705,1.0,0.9330329915368074
cell_706,1.0,0.9330329915368074
cell_707,1.0,0.9330329915368074
cell_708,1.0,0.9330329915368074
cell_709,1.0,0.9330329915368074
cell_710,1.0,0.9330329915368074
cell_711,1.0,0.9330329915368074
cell_712,2.0,0.8705505632961241
cell_713,1.0,0.9330329915368074
cell_714,1.0,0.9330329915368074
cell_715,1.0,0.9330329915368074
cell_716,1.0,0.9330329915368074
cell_717,1.0,0.9330329915368074
cell_718,2.0,0.8705505632961241
cell_719,1.0,0.9330329915368074
cell_720,1.0,0.9330329915368074
cell_721,1.0,0.9330329915368074
cell_722,2.0,0.8705505632961241
cell_723,1.0,0.9330329915368074
cell_724,1.0,0.9330329915368074
cell_725,1.0,0.9330329915368074
cell_726,1.0,0.9330329915368074
cell_727,1.0,0.9330329915368074
cell_728,2.0,0.8705505632961241
cell_729,2.0,0.8705505632961241
cell_730,1.0,0.9330329915368074
cell_731,1.0,0.9330329915368074
cell_732,1.0,0.9330329915368074
cell_733,1.0,0.9330329915368074
cell_734,1.0,0.9330329915368074
cell_735,1.0,0.9330329915368074
cell_736,1.0,0.9330329915368074
cell_737,1.0,0.9330329915368074
cell_738,1.0,0.9330329915368074
cell_739,1.0,0.9330329915368074
cell_740,1.0,0.9330329915368074
cell_741,1.0,0.9330329915368074
cell_742,1.0,0.9330329915368074
cell_743,1.0,0.9330329915368074
cell_744,1.0,0.9330329915368074
cell_745,1.0,0.9330329915368074
cell_746,1.0,0.9330329915368074
cell_747,1.0,0.9330329915368074
cell_748,1.0,0.9330329915368074
cell_749,1.0,0.9330329915368074
cell_750,2.0,0.8705505632961241
cell_751,1.0,0.9330329915368074
cell_752,2.0,0.8705505632961241
cell_753,1.0,0.9330329915368074
cell_754,1.0,0.9330329915368074
cell_755,1.0,0.9330329915368074
cell_756,1.0,0.9330329915368074
cell_757,1.0,0.9330329915368074
cell_758,1.0,0.9330329915368074
cell_759,1.0,0.9330329915368074
cell_760,1.0,0.9330329915368074
cell_761,1.0,0.9330329915368074
cell_762,1.0,0.9330329915368074
cell_763,2.0,0.8705505632961241
cell_764,1.0,0.9330329915368074
cell_765,1.0,0.9330329915368074
cell_766,1.0,0.9330329915368074
cell_767,1.0,0.9330329915368074
cell_768,2.0,0.8705505632961241
cell_769,2.0,0.8705505632961241
cell_770,2.0,0.8705505632961241
cell_771,1.0,0.9330329915368074
cell_772,1.0,0.9330329915368074
cell_773,1.0,0.9330329915368074
cell_774,1.0,0.9330329915368074
cell_775,1.0,0.9330329915368074
cell_776,1.0,0.9330329915368074
cell_777,1.0,0.9330329915368074
cell_778,1.0,0.9330329915368074
cell_779,2.0,0.8705505632961241
cell_780,1.0,0.9330329915368074
cell_781,2.0,0.8705505632961241
cell_782,1.0,0.9330329915368074
cell_783,1.0,0.9330329915368074
cell_784,1.0,0.9330329915368074
cell_785,1.0,0.9330329915368074
cell_786,1.0,0.9330329915368074
cell_787,2.0,0.8705505632961241
cell_788,1.0,0.9330329915368074
cell_789,1.0,0.9330329915368074
cell_790,1.0,0.9330329915368074
cell_791,1.0,0.9330329915368074
cell_792,1.0,0.9330329915368074
cell_793,2.0,0.8705505632961241
cell_794,2.0,0.8705505632961241
cell_795,1.0,0.9330329915368074
cell_796,2.0,0.8705505632961241
cell_797,1.0,0.9330329915368074
cell_798,2.0,0.8705505632961241
cell_799,1.0,0.9330329915368074
cell_800,1.0,0.9330329915368074
cell_801,1.0,0.9330329915368074
cell_802,1.0,0.9330329915368074
cell_803,1.0,0.9330329915368074
cell_804,1.0,0.9330329915368074
cell_805,1.0,0.9330329915368074
cell_806,1.0,0.9330329915368074
cell_807,1.0,0.9330329915368074
cell_808,1.0,0.9330329915368074
cell_809,1.0,0.9330329915368074
cell_810,1.0,0.9330329915368074
cell_811,2.0,0.8705505632961241
cell_812,1.0,0.9330329915368074
cell_813,1.0,0.9330329915368074
cell_814,2.0,0.8705505632961241
cell_815,1.0,0.9330329915368074
cell_816,1.0,0.9330329915368074
cell_817,1.0,0.9330329915368074
cell_818,1.0,0.9330329915368074
cell_819,1.0,0.9330329915368074
cell_820,1.0,0.9330329915368074
cell_821,1.0,0.9330329915368074
cell_822,1.0,0.9330329915368074
cell_823,1.0,0.9330329915368074
cell_824,1.0,0.9330329915368074
cell_825,1.0,0.9330329915368074
cell_826,1.0,0.9330329915368074
cell_827,2.0,0.8705505632961241
cell_828,2.0,0.8705505632961241
cell_829,1.0,0.9330329915368074
cell_830,1.0,1.0
cell_831,1.0,0.9330329915368074
cell_832,1.0,0.9330329915368074
cell_833,2.0,0.8705505632961241
cell_834,1.0,0.9330329915368074
cell_835,2.0,0.8705505632961241
cell_836,1.0,0.9330329915368074
cell_837,2.0,0.8705505632961241
cell_838,2.0,0.8705505632961241
cell_839,1.0,0.9330329915368074
cell_840,1.0,0.9330329915368074
cell_841,1.0,0.9330329915368074
cell_842,1.0,0.9330329915368074
cell_843,1.0,0.9330329915368074
cell_844,1.0,0.9330329915368074
cell_845,1.0,0.9330329915368074
cell_846,1.0,0.9330329915368074
cell_847,1.0,0.9330329915368074
cell_848,1.0,0.9330329915368074
cell_849,1.0,0.9330329915368074
cell_850,1.0,0.9330329915368074
cell_851,2.0,0.8705505632961241
cell_852,1.0,0.9330329915368074
cell_853,1.0,0.9330329915368074
cell_854,2.0,0.8705505632961241
cell_855,1.0,0.9330329915368074
cell_856,1.0,0.9330329915368074
cell_857,2.0,0.8705505632961241
cell_858,1.0,0.9330329915368074
cell_859,2.0,0.8705505632961241
cell_860,1.0,0.9330329915368074
cell_861,1.0,0.9330329915368074
cell_862,2.0,0.8705505632961241
cell_863,1.0,0.9330329915368074
cell_864,1.0,0.9330329915368074
cell_865,1.0,0.9330329915368074
cell_866,1.0,0.9330329915368074
cell_867,1.0,0.9330329915368074
cell_868,1.0,0.9330329915368074
cell_869,1.0,0.9330329915368074
cell_870,2.0,0.8705505632961241
cell_871,1.0,0.9330329915368074
cell_872,1.0,0.9330329915368074
cell_873,1.0,0.9330329915368074
cell_874,1.0,0.9330329915368074
cell_875,2.0,0.8705505632961241
cell_876,1.0,0.9330329915368074
cell_877,1.0,0.9330329915368074
cell_878,1.0,0.9330329915368074
cell_879,1.0,0.9330329915368074
cell_880,2.0,0.8705505632961241
cell_881,1.0,0.9330329915368074
cell_882,1.0,0.9330329915368074
cell_883,1.0,0.9330329915368074
cell_884,1.0,0.9330329915368074
cell_885,1.0,0.9330329915368074
cell_886,1.0,0.9330329915368074
cell_887,1.0,0.9330329915368074
cell_888,2.0,0.8705505632961241
cell_889,1.0,0.9330329915368074
cell_890,1.0,0.9330329915368074
cell_891,1.0,0.9330329915368074
cell_892,1.0,0.9330329915368074
cell_893,1.0,0.9330329915368074
cell_894,1.0,0.9330329915368074
cell_895,1.0,0.9330329915368074
cell_896,1.0,0.9330329915368074
cell_897,1.0,0.9330329915368074
cell_898,1.0,0.9330329915368074
cell_899,1.0,0.9330329915368074
cell_900,1.0,0.9330329915368074
cell_901,1.0,0.9330329915368074
cell_902,2.0,0.8705505632961241
cell_903,1.0,0.9330329915368074
cell_904,0.0,1.0
cell_905,1.0,0.9330329915368074
cell_906,1.0,0.9330329915368074
cell_907,1.0,0.9330329915368074
cell_908,2.0,0.8705505632961241
cell_909,2.0,0.8705505632961241
cell_910,1.0,0.9330329915368074
cell_911,2.0,0.8705505632961241
cell_912,1.0,0.9330329915368074
cell_913,2.0,0.8705505632961241
cell_914,1.0,0.9330329915368074
cell_915,1.0,0.9330329915368074
cell_916,1.0,0.9330329915368074
cell_917,2.0,0.8705505632961241
cell_918,2.0,0.8705505632961241
cell_919,1.0,0.9330329915368074
cell_920,1.0,0.9330329915368074
cell_921,1.0,0.9330329915368074
cell_922,1.0,0.9330329915368074
cell_923,2.0,0.8705505632961241
cell_924,1.0,0.9330329915368074
cell_925,1.0,0.9330329915368074
cell_926,1.0,0.9330329915368074
cell_927,1.0,0.9330329915368074
cell_928,1.0,0.9330329915368074
cell_929,1.0,0.9330329915368074
cell_930,1.0,0.9330329915368074
cell_931,1.0,0.9330329915368074
cell_932,1.0,0.9330329915368074
cell_933,2.0,0.8705505632961241
cell_934,1.0,0.9330329915368074
cell_935,1.0,0.9330329915368074
cell_936,2.0,0.8705505632961241
cell_937,1.0,0.9330329915368074
cell_938,1.0,0.9330329915368074
cell_939,1.0,0.9330329915368074
cell_940,1.0,0.9330329915368074
cell_941,1.0,0.9330329915368074
cell_942,1.0,0.9330329915368074
cell_943,1.0,0.9330329915368074
cell_944,1.0,0.9330329915368074
cell_945,1.0,0.9330329915368074
cell_946,1.0,0.9330329915368074
cell_947,1.0,0.9330329915368074
cell_948,1.0,0.9330329915368074
cell_949,0.0,1.0
cell_950,1.0,0.9330329915368074
cell_951,1.0,0.9330329915368074
cell_952,1.0,0.9330329915368074
cell_953,1.0,0.9330329915368074
cell_954,1.0,0.9330329915368074
cell_955,1.0,0.9330329915368074
cell_956,2.0,0.8705505632961241
cell_957,0.0,1.0
cell_958,1.0,0.9330329915368074
cell_959,1.0,0.9330329915368074
cell_960,1.0,0.9330329915368074
cell_961,1.0,0.9330329915368074
cell_962,1.0,0.9330329915368074
cell_963,1.0,0.9330329915368074
cell_964,1.0,0.9330329915368074
cell_965,1.0,0.9330329915368074
cell_966,1.0,0.9330329915368074
cell_967,1.0,0.9330329915368074
cell_968,1.0,0.9330329915368074
cell_969,2.0,0.8705505632961241
cell_970,2.0,0.8705505632961241
cell_971,1.0,0.9330329915368074
cell_972,1.0,0.9330329915368074
cell_973,2.0,0.8705505632961241
cell_974,1.0,0.9330329915368074
cell_975,1.0,0.9330329915368074
cell_976,1.0,0.9330329915368074
cell_977,2.0,0.8705505632961241
cell_978,1.0,0.9330329915368074
cell_979,1.0,0.9330329915368074
cell_980,1.0,0.9330329915368074
cell_981,1.0,0.9330329915368074
cell_982,1.0,0.9330329915368074
cell_983,2.0,0.8705505632961241
cell_984,1.0,0.9330329915368074
cell_985,1.0,0.9330329915368074
cell_986,1.0,0.9330329915368074
cell_987,1.0,0.9330329915368074
cell_988,2.0,0.8705505632961241
cell_989,1.0,0.9330329915368074
cell_990,1.0,0.9330329915368074
cell_991,1.0,0.9330329915368074
cell_992,1.0,0.9330329915368074
cell_993,1.0,0.9330329915368074
cell_994,1.0,0.9330329915368074
cell_995,2.0,0.8705505632961241
cell_996,1.0,0.9330329915368074
cell_997,0.0,1.0
cell_998,1.0,0.9330329915368074
cell_999,2.0,0.8705505632961241
cell_1000,2.0,0.8705505632961241
cell_1001,1.0,0.9330329915368074
cell_1002,1.0,0.9330329915368074
cell_1003,1.0,0.9330329915368074
cell_1004,1.0,0.9330329915368074
cell_1005,2.0,0.8705505632961241
cell_1006,1.0,0.9330329915368074
cell_1007,1.0,0.9330329915368074
cell_1008,1.0,0.9330329915368074
cell_1009,1.0,0.9330329915368074
cell_1010,1.0,0.9330329915368074
cell_1011,1.0,0.9330329915368074
cell_1012,2.0,0.8705505632961241
cell_1013,1.0,0.9330329915368074
cell_1014,1.0,0.9330329915368074
cell_1015,1.0,0.9330329915368074
cell_1016,1.0,0.9330329915368074
cell_1017,1.0,0.9330329915368074
cell_1018,2.0,0.8705505632961241
cell_1019,1.0,0.9330329915368074
cell_1020,1.0,0.9330329915368074
cell_1021,1.0,0.9330329915368074
cell_1022,1.0,0.9330329915368074
cell_1023,1.0,0.9330329915368074
cell_1024,2.0,0.8705505632961241
cell_1025,1.0,0.9330329915368074
cell_1026,1.0,0.9330329915368074
cell_1027,1.0,0.9330329915368074
cell_1028,2.0,0.8705505632961241
cell_1029,2.0,0.8705505632961241
cell_1030,1.0,0.9330329915368074
cell_1031,1.0,0.9330329915368074
cell_1032,1.0,0.9330329915368074
cell_1033,1.0,0.9330329915368074
cell_1034,1.0,0.9330329915368074
cell_1035,1.0,0.9330329915368074
cell_1036,1.0,0.9330329915368074
cell_1037,2.0,0.8705505632961241
cell_1038,1.0,0.9330329915368074
cell_1039,2.0,0.8705505632961241
cell_1040,2.0,0.8705505632961241
cell_1041,1.0,0.9330329915368074
cell_1042,2.0,0.8705505632961241
cell_1043,1.0,0.9330329915368074
cell_1044,1.0,0.9330329915368074
cell_1045,2.0,0.8705505632961241
cell_1046,1.0,0.9330329915368074
cell_1047,1.0,0.9330329915368074
cell_1048,2.0,0.8705505632961241
cell_1049,1.0,0.9330329915368074
cell_1050,1.0,0.9330329915368074
cell_1051,1.0,0.9330329915368074
cell_1052,1.0,0.9330329915368074
cell_1053,1.0,0.9330329915368074
cell_1054,1.0,0.9330329915368074
cell_1055,1.0,0.9330329915368074
cell_1056,1.0,0.9330329915368074
cell_1057,1.0,0.9330329915368074
cell_1058,2.0,0.8705505632961241
cell_1059,1.0,0.9330329915368074
cell_1060,1.0,0.9330329915368074
cell_1061,1.0,0.9330329915368074
cell_1062,2.0,0.8705505632961241
cell_1063,1.0,0.9330329915368074
cell_1064,2.0,0.8705505632961241
cell_1065,1.0,0.9330329915368074
cell_1066,2.0,0.8705505632961241
cell_1067,1.0,0.9330329915368074
cell_1068,1.0,0.9330329915368074
cell_1069,1.0,0.9330329915368074
cell_1070,1.0,0.9330329915368074
cell_1071,1.0,0.9330329915368074
cell_1072,1.0,0.9330329915368074
cell_1073,1.0,0.9330329915368074
cell_1074,1.0,0.9330329915368074
cell_1075,1.0,0.9330329915368074
cell_1076,1.0,0.9330329915368074
cell_1077,2.0,0.8705505632961241
cell_1078,1.0,0.9330329915368074
cell_1079,1.0,0.9330329915368074
cell_1080,2.0,0.8705505632961241
cell_1081,1.0,0.9330329915368074
cell_1082,1.0,0.9330329915368074
cell_1083,1.0,0.9330329915368074
cell_1084,2.0,0.8705505632961241
cell_1085,1.0,0.9330329915368074
cell_1086,2.0,0.8705505632961241
cell_1087,1.0,0.9330329915368074
cell_1088,1.0,0.9330329915368074
cell_1089,1.0,0.9330329915368074
cell_1090,2.0,0.8705505632961241
cell_1091,1.0,0.9330329915368074
cell_1092,1.0,0.9330329915368074
cell_1093,1.0,0.9330329915368074
cell_1094,2.0,0.8705505632961241
cell_1095,1.0,0.9330329915368074
cell_1096,1.0,0.9330329915368074
cell_1097,1.0,0.9330329915368074
cell_1098,1.0,0.9330329915368074
cell_1099,1.0,0.9330329915368074
cell_1100,1.0,0.9330329915368074
cell_1101,1.0,0.9330329915368074
cell_1102,1.0,0.9330329915368074
cell_1103,1.0,0.9330329915368074
cell_1104,1.0,0.9330329915368074
cell_1105,1.0,0.9330329915368074
cell_1106,1.0,0.9330329915368074
cell_1107,1.0,0.9330329915368074
cell_1108,1.0,0.9330329915368074
cell_1109,1.0,0.9330329915368074
cell_1110,1.0,0.9330329915368074
cell_1111,1.0,0.9330329915368074
cell_1112,1.0,0.9330329915368074
cell_1113,2.0,0.8705505632961241
cell_1114,2.0,0.8705505632961241
cell_1115,1.0,0.9330329915368074
cell_1116,1.0,0.9330329915368074
cell_1117,1.0,0.9330329915368074
cell_1118,1.0,0.9330329915368074
cell_1119,2.0,0.8705505632961241
cell_1120,1.0,0.9330329915368074
cell_1121,2.0,0.8705505632961241
cell_1122,1.0,0.9330329915368074
cell_1123,1.0,0.9330329915368074
cell_1124,1.0,0.9330329915368074
cell_1125,1.0,0.9330329915368074
cell_1126,1.0,0.9330329915368074
cell_1127,2.0,0.8705505632961241
cell_1128,2.0,0.8705505632961241
cell_1129,1.0,0.9330329915368074
cell_1130,1.0,0.9330329915368074
cell_1131,1.0,0.9330329915368074
cell_1132,1.0,0.9330329915368074
cell_1133,1.0,0.9330329915368074
cell_1134,1.0,0.9330329915368074
cell_1135,2.0,0.8705505632961241
cell_1136,1.0,0.9330329915368074
cell_1137,1.0,0.9330329915368074
cell_1138,1.0,0.9330329915368074
cell_1139,1.0,0.9330329915368074
cell_1140,1.0,0.9330329915368074
cell_1141,1.0,0.9330329915368074
cell_1142,2.0,0.8705505632961241
cell_1143,1.0,0.9330329915368074
cell_1144,1.0,0.9330329915368074
cell_1145,1.0,0.9330329915368074
cell_1146,1.0,0.9330329915368074
cell_1147,1.0,0.9330329915368074
cell_1148,1.0,0.9330329915368074
cell_1149,1.0,0.9330329915368074
cell_1150,1.0,0.9330329915368074
cell_1151,1.0,0.9330329915368074
cell_1152,2.0,0.8705505632961241
cell_1153,2.0,0.8705505632961241
cell_1154,1.0,0.9330329915368074
cell_1155,1.0,0.9330329915368074
cell_1156,1.0,0.9330329915368074
cell_1157,1.0,0.9330329915368074
cell_1158,1.0,0.9330329915368074
cell_1159,1.0,0.9330329915368074
cell_1160,1.0,0.9330329915368074
cell_1161,1.0,0.9330329915368074
cell_1162,1.0,0.9330329915368074
cell_1163,1.0,0.9330329915368074
cell_1164,2.0,0.8705505632961241
cell_1165,1.0,0.9330329915368074
cell_1166,1.0,0.9330329915368074
cell_1167,1.0,0.9330329915368074
cell_1168,1.0,0.9330329915368074
cell_1169,1.0,0.9330329915368074
cell_1170,1.0,0.9330329915368074
cell_1171,2.0,0.8705505632961241
cell_1172,1.0,0.9330329915368074
cell_1173,1.0,0.9330329915368074
cell_1174,1.0,0.9330329915368074
cell_1175,1.0,0.9330329915368074
cell_1176,1.0,0.9330329915368074
cell_1177,2.0,0.8705505632961241
cell_1178,1.0,0.9330329915368074
cell_1179,1.0,0.9330329915368074
cell_1180,1.0,0.9330329915368074
cell_1181,1.0,0.9330329915368074
cell_1182,1.0,0.9330329915368074
cell_1183,1.0,0.9330329915368074
cell_1184,1.0,0.9330329915368074
cell_1185,2.0,0.8705505632961241
cell_1186,1.0,0.9330329915368074
cell_1187,1.0,0.9330329915368074
cell_1188,1.0,0.9330329915368074
cell_1189,1.0,0.9330329915368074
cell_1190,1.0,0.9330329915368074
cell_1191,1.0,0.9330329915368074
cell_1192,1.0,0.9330329915368074
cell_1193,1.0,0.9330329915368074
cell_1194,1.0,0.9330329915368074
cell_1195,1.0,0.9330329915368074
cell_1196,1.0,0.9330329915368074
cell_1197,1.0,0.9330329915368074
cell_1198,1.0,0.9330329915368074
cell_1199,1.0,0.9330329915368074
cell_1200,1.0,0.9330329915368074
cell_1201,2.0,0.8705505632961241
cell_1202,1.0,0.9330329915368074
cell_1203,1.0,0.9330329915368074
cell_1204,1.0,0.9330329915368074
cell_1205,1.0,0.9330329915368074
cell_1206,1.0,0.9330329915368074
cell_1207,1.0,0.9330329915368074
cell_1208,1.0,0.9330329915368074
cell_1209,1.0,0.9330329915368074
cell_1210,1.0,0.9330329915368074
cell_1211,2.0,0.8705505632961241
cell_1212,1.0,0.9330329915368074
cell_1213,1.0,0.9330329915368074
cell_1214,1.0,0.9330329915368074
cell_1215,1.0,0.9330329915368074
cell_1216,2.0,0.8705505632961241
cell_1217,1.0,0.9330329915368074
cell_1218,1.0,0.9330329915368074
cell_1219,2.0,0.8705505632961241
cell_1220,2.0,0.8705505632961241
cell_1221,1.0,0.9330329915368074
cell_1222,1.0,0.9330329915368074
cell_1223,1.0,0.9330329915368074
cell_1224,1.0,0.9330329915368074
cell_1225,1.0,0.9330329915368074
cell_1226,1.0,0.9330329915368074
cell_1227,1.0,0.9330329915368074
cell_1228,1.0,0.9330329915368074
cell_1229,1.0,0.9330329915368074
cell_1230,1.0,0.9330329915368074
cell_1231,1.0,0.9330329915368074
cell_1232,1.0,0.9330329915368074
cell_1233,2.0,0.8705505632961241
cell_1234,1.0,0.9330329915368074
cell_1235,1.0,0.9330329915368074
cell_1236,1.0,0.9330329915368074
cell_1237,1.0,0.9330329915368074
cell_1238,1.0,0.9330329915368074
cell_1239,1.0,0.9330329915368074
cell_1240,1.0,0.9330329915368074
cell_1241,1.0,0.9330329915368074
cell_1242,1.0,0.9330329915368074
cell_1243,1.0,0.9330329915368074
cell_1244,1.0,0.9330329915368074
cell_1245,1.0,0.9330329915368074
cell_1246,1.0,0.9330329915368074
cell_1247,2.0,0.8705505632961241
cell_1248,1.0,0.9330329915368074
cell_1249,2.0,0.8705505632961241
cell_1250,2.0,0.8705505632961241
cell_1251,2.0,0.8705505632961241
cell_1252,1.0,0.9330329915368074
cell_1253,1.0,0.9330329915368074
cell_1254,2.0,0.8705505632961241
cell_1255,1.0,0.9330329915368074
cell_1256,1.0,0.9330329915368074
cell_1257,1.0,0.9330329915368074
cell_1258,1.0,0.9330329915368074
cell_1259,1.0,0.9330329915368074
cell_1260,2.0,0.8705505632961241
cell_1261,1.0,0.9330329915368074
cell_1262,1.0,0.9330329915368074
cell_1263,1.0,0.9330329915368074
cell_1264,1.0,0.9330329915368074
cell_1265,1.0,0.9330329915368074
cell_1266,1.0,0.9330329915368074
cell_1267,2.0,0.8705505632961241
cell_1268,1.0,0.9330329915368074
cell_1269,1.0,0.9330329915368074
cell_1270,1.0,0.9330329915368074
cell_1271,1.0,0.9330329915368074
cell_1272,1.0,0.9330329915368074
cell_1273,1.0,0.9330329915368074
cell_1274,1.0,0.9330329915368074
cell_1275,1.0,0.9330329915368074
cell_1276,1.0,0.9330329915368074
cell_1277,2.0,0.8705505632961241
cell_1278,1.0,0.9330329915368074
cell_1279,2.0,0.8705505632961241
cell_1280,1.0,0.9330329915368074
cell_1281,1.0,0.9330329915368074
cell_1282,1.0,0.9330329915368074
cell_1283,1.0,0.9330329915368074
cell_1284,2.0,0.8705505632961241
cell_1285,1.0,0.9330329915368074
cell_1286,1.0,0.9330329915368074
cell_1287,1.0,0.9330329915368074
cell_1288,2.0,0.8705505632961241
cell_1289,1.0,0.9330329915368074
cell_1290,1.0,0.9330329915368074
cell_1291,1.0,0.9330329915368074
cell_1292,1.0,0.9330329915368074
cell_1293,1.0,0.9330329915368074
cell_1294,1.0,0.9330329915368074
cell_1295,1.0,0.9330329915368074
cell_1296,1.0,0.9330329915368074
cell_1297,1.0,0.9330329915368074
cell_1298,1.0,0.9330329915368074
cell_1299,1.0,0.9330329915368074
cell_1300,1.0,0.9330329915368074
cell_1301,1.0,0.9330329915368074
cell_1302,1.0,0.9330329915368074
cell_1303,1.0,0.9330329915368074
cell_1304,1.0,0.9330329915368074
cell_1305,2.0,0.8705505632961241
cell_1306,2.0,0.8705505632961241
cell_1307,1.0,0.9330329915368074
cell_1308,1.0,0.9330329915368074
cell_1309,1.0,0.9330329915368074
cell_1310,2.0,0.8705505632961241
cell_1311,1.0,0.9330329915368074
cell_1312,1.0,0.9330329915368074
cell_1313,1.0,0.9330329915368074
cell_1314,1.0,0.9330329915368074
cell_1315,1.0,0.9330329915368074
cell_1316,2.0,0.8705505632961241
cell_1317,1.0,0.9330329915368074
cell_1318,1.0,0.9330329915368074
cell_1319,1.0,0.9330329915368074
cell_1320,1.0,0.9330329915368074
cell_1321,1.0,0.9330329915368074
cell_1322,1.0,0.9330329915368074
cell_1323,1.0,0.9330329915368074
cell_1324,1.0,0.9330329915368074
cell_1325,1.0,0.9330329915368074
cell_1326,2.0,0.8705505632961241
cell_1327,1.0,0.9330329915368074
cell_1328,2.0,0.8705505632961241
cell_1329,1.0,0.9330329915368074
cell_1330,1.0,0.9330329915368074
cell_1331,1.0,0.9330329915368074
cell_1332,1.0,0.9330329915368074
cell_1333,1.0,0.9330329915368074
cell_1334,1.0,0.9330329915368074
cell_1335,1.0,0.9330329915368074
cell_1336,1.0,0.9330329915368074
cell_1337,1.0,0.9330329915368074
cell_1338,1.0,0.9330329915368074
cell_1339,1.0,0.9330329915368074
cell_1340,1.0,0.9330329915368074
cell_1341,1.0,0.9330329915368074
cell_1342,1.0,0.9330329915368074
cell_1343,2.0,0.8705505632961241
cell_1344,2.0,0.8705505632961241
cell_1345,1.0,0.9330329915368074
cell_1346,1.0,0.9330329915368074
cell_1347,1.0,0.9330329915368074
cell_1348,2.0,0.8705505632961241
cell_1349,1.0,0.9330329915368074
cell_1350,1.0,0.9330329915368074
cell_1351,1.0,0.9330329915368074
cell_1352,1.0,0.9330329915368074
cell_1353,1.0,0.9330329915368074
cell_1354,0.0,1.0
cell_1355,2.0,0.8705505632961241
cell_1356,2.0,0.8705505632961241
cell_1357,1.0,0.9330329915368074
cell_1358,1.0,0.9330329915368074
cell_1359,1.0,0.9330329915368074
cell_1360,1.0,0.9330329915368074
cell_1361,2.0,0.8705505632961241
cell_1362,1.0,0.9330329915368074
cell_1363,2.0,0.8705505632961241
cell_1364,2.0,0.8705505632961241
cell_1365,1.0,0.9330329915368074
cell_1366,1.0,0.9330329915368074
cell_1367,1.0,0.9330329915368074
cell_1368,1.0,0.9330329915368074
cell_1369,1.0,0.9330329915368074
cell_1370,1.0,0.9330329915368074
cell_1371,1.0,0.9330329915368074
cell_1372,1.0,0.9330329915368074
cell_1373,1.0,0.9330329915368074
cell_1374,1.0,0.9330329915368074
cell_1375,1.0,0.9330329915368074
cell_1376,1.0,0.9330329915368074
cell_1377,1.0,0.9330329915368074
cell_1378,1.0,0.9330329915368074
cell_1379,1.0,0.9330329915368074
cell_1380,1.0,0.9330329915368074
cell_1381,1.0,0.9330329915368074
cell_1382,2.0,0.8705505632961241
cell_1383,2.0,0.8705505632961241
cell_1384,1.0,0.9330329915368074
cell_1385,2.0,0.8705505632961241
cell_1386,1.0,0.9330329915368074
cell_1387,1.0,0.9330329915368074
cell_1388,1.0,0.9330329915368074
cell_1389,2.0,0.8705505632961241
cell_1390,1.0,0.9330329915368074
cell_1391,1.0,0.9330329915368074
cell_1392,1.0,0.9330329915368074
cell_1393,1.0,0.9330329915368074
cell_1394,1.0,0.9330329915368074
cell_1395,1.0,0.9330329915368074
cell_1396,1.0,0.9330329915368074
cell_1397,1.0,0.9330329915368074
cell_1398,0.0,1.0
cell_1399,1.0,0.9330329915368074
cell_1400,1.0,0.9330329915368074
cell_1401,2.0,0.8705505632961241
cell_1402,1.0,0.9330329915368074
cell_1403,1.0,0.9330329915368074
cell_1404,1.0,0.9330329915368074
cell_1405,2.0,0.8705505632961241
cell_1406,1.0,0.9330329915368074
cell_1407,1.0,0.9330329915368074
cell_1408,1.0,0.9330329915368074
cell_1409,1.0,0.9330329915368074
cell_1410,1.0,0.9330329915368074
cell_1411,2.0,0.8705505632961241
cell_1412,2.0,0.8705505632961241
cell_1413,1.0,0.9330329915368074
cell_1414,1.0,0.9330329915368074
cell_1415,1.0,0.9330329915368074
cell_1416,1.0,0.9330329915368074
cell_1417,1.0,0.9330329915368074
cell_1418,1.0,0.9330329915368074
cell_1419,1.0,0.9330329915368074
cell_1420,1.0,0.9330329915368074
cell_1421,1.0,0.9330329915368074
cell_1422,1.0,0.9330329915368074
cell_1423,1.0,0.9330329915368074
cell_1424,2.0,0.8705505632961241
cell_1425,1.0,0.9330329915368074
cell_1426,1.0,0.9330329915368074
cell_1427,1.0,0.9330329915368074
cell_1428,1.0,0.9330329915368074
cell_1429,2.0,0.8705505632961241
cell_1430,2.0,0.8705505632961241
cell_1431,1.0,0.9330329915368074
cell_1432,1.0,0.9330329915368074
cell_1433,1.0,0.9330329915368074
cell_1434,1.0,0.9330329915368074
cell_1435,1.0,0.9330329915368074
cell_1436,1.0,0.9330329915368074
cell_1437,2.0,0.8705505632961241
cell_1438,2.0,0.8705505632961241
cell_1439,1.0,0.9330329915368074
cell_1440,1.0,0.9330329915368074
cell_1441,1.0,0.9330329915368074
cell_1442,1.0,0.9330329915368074
cell_1443,2.0,0.8705505632961241
cell_1444,1.0,0.9330329915368074
cell_1445,1.0,0.9330329915368074
cell_1446,1.0,0.9330329915368074
cell_1447,2.0,0.8705505632961241
cell_1448,1.0,0.9330329915368074
cell_1449,2.0,0.8705505632961241
cell_1450,2.0,0.8705505632961241
cell_1451,1.0,0.9330329915368074
cell_1452,2.0,0.8705505632961241
cell_1453,1.0,0.9330329915368074
cell_1454,1.0,0.9330329915368074
cell_1455,2.0,0.8705505632961241
cell_1456,1.0,0.9330329915368074
cell_1457,1.0,0.9330329915368074
cell_1458,1.0,0.9330329915368074
cell_1459,1.0,0.9330329915368074
cell_1460,1.0,0.9330329915368074
cell_1461,1.0,0.9330329915368074
cell_1462,1.0,0.9330329915368074
cell_1463,2.0,0.8705505632961241
cell_1464,1.0,0.9330329915368074
cell_1465,2.0,0.8705505632961241
cell_1466,2.0,0.8705505632961241
cell_1467,1.0,0.9330329915368074
cell_1468,1.0,0.9330329915368074
cell_1469,1.0,0.9330329915368074
cell_1470,1.0,0.9330329915368074
cell_1471,1.0,0.9330329915368074
cell_1472,2.0,0.8705505632961241
cell_1473,1.0,0.9330329915368074
cell_1474,1.0,0.9330329915368074
cell_1475,1.0,0.9330329915368074
cell_1476,1.0,0.9330329915368074
cell_1477,1.0,0.9330329915368074
cell_1478,2.0,0.8705505632961241
cell_1479,1.0,0.9330329915368074
cell_1480,1.0,0.9330329915368074
cell_1481,1.0,0.9330329915368074
cell_1482,1.0,0.9330329915368074
cell_1483,1.0,0.9330329915368074
cell_1484,2.0,0.8705505632961241
cell_1485,1.0,0.9330329915368074
cell_1486,1.0,0.9330329915368074
cell_1487,1.0,0.9330329915368074
cell_1488,2.0,0.8705505632961241
cell_1489,1.0,0.9330329915368074
cell_1490,1.0,0.9330329915368074
cell_1491,2.0,0.8705505632961241
cell_1492,2.0,0.8705505632961241
cell_1493,1.0,0.9330329915368074
cell_1494,1.0,0.9330329915368074
cell_1495,1.0,0.9330329915368074
cell_1496,1.0,0.9330329915368074
cell_1497,2.0,0.8705505632961241
cell_1498,1.0,0.9330329915368074
cell_1499,2.0,0.8705505632961241
cell_1500,1.0,0.9330329915368074
cell_1501,1.0,0.9330329915368074
cell_1502,2.0,0.8705505632961241
cell_1503,2.0,0.8705505632961241
cell_1504,1.0,0.9330329915368074
cell_1505,1.0,0.9330329915368074
cell_1506,1.0,0.9330329915368074
cell_1507,2.0,0.8705505632961241
cell_1508,1.0,0.9330329915368074
cell_1509,1.0,0.9330329915368074
cell_1510,2.0,0.8705505632961241
cell_1511,2.0,0.8705505632961241
cell_1512,1.0,0.9330329915368074
cell_1513,1.0,0.9330329915368074
cell_1514,1.0,0.9330329915368074
cell_1515,1.0,0.9330329915368074
cell_1516,1.0,0.9330329915368074
cell_1517,1.0,0.9330329915368074
cell_1518,1.0,0.9330329915368074
cell_1519,1.0,0.9330329915368074
cell_1520,1.0,0.9330329915368074
cell_1521,1.0,0.9330329915368074
cell_1522,1.0,0.9330329915368074
