	adj_spex_UMAP1	adj_spex_UMAP2
0	667.8143836672347	6140.725083037945
1	167.16778261123937	6476.510700062445
2	184.69825243218193	6346.885384059054
3	359.757371165015	6611.856041943621
4	340.28762325889545	6597.227408845994
5	501.34348973363154	6114.386166668744
6	375.0	6375.0
7	622.1876928431515	6143.531275493845
8	136.84619754645436	6494.064457592374
9	4635.772081469325	4586.218070171486
10	4895.367338961641	4798.583811565434
11	4875.0	4875.0
12	4841.874352159439	4946.588023501488
13	4875.0	4875.0
14	4875.0	4875.0
15	4597.032033017936	4776.427273259403
16	4970.452607499685	4800.000658858431
17	4674.350140865878	4881.38854280315
18	4875.0	4875.0
19	4875.0	4875.0
20	4682.058772377541	10730.591124912295
21	4875.0	10875.0
22	4875.0	10875.0
23	4785.510064451906	10977.831624699918
24	5012.135178373945	10802.55845348967
25	4979.704474665162	10680.196096336962
26	4829.843035378562	10733.155519145674
27	4875.0	10875.0
28	4875.0	10875.0
29	4611.090937695402	10635.278972569178
30	4683.441201492773	10823.66708629545
31	4988.74965890955	10788.35150972637
32	3301.594159117804	4130.774665812963
33	3205.9470089263796	4323.396934366138
34	3435.271253995268	4070.345102045968
35	3228.335840288648	4470.129865784118
36	3635.517473037265	4083.1619906175742
37	3500.6208265622754	4041.7085634063274
38	3327.3056078355603	4302.705011153279
39	3290.7430625838724	3766.5796647939324
40	3523.949537915118	4039.395137133976
41	3300.7165782026455	4021.803064885725
42	375.0	1875.0
43	596.4020414927315	1860.295864149429
44	64.1949179018232	2084.821831423581
45	381.21602763282397	1658.7867392828048
46	471.2104012634658	1597.5634186615725
47	95.36386703343186	2074.922368914157
48	395.0757192008552	1781.2185786973544
49	431.5167565329285	4701.18529647376
50	92.07955743248868	5121.1321254477025
51	503.429594703392	4686.431222029816
52	380.1795739062027	4852.045008695687
53	461.8999675107508	4862.149822563891
54	304.5311495619411	4906.69253474908
55	516.8483032036008	4764.531584554895
56	240.43065310903816	5087.894647271612
57	355.0307832281355	4971.585570044064
58	399.399148141734	4811.65912327938
59	444.61974596809455	4823.33458453704
60	370.03504854338667	4911.3562256195255
61	5500.759581305246	3516.5836741769094
62	5625.0	3375.0
63	5586.56999333427	3581.260779711719
64	5544.71228180918	3235.8714173252056
65	5520.3212253848105	3268.779291060087
66	5768.785796460963	3278.5099118914072
67	5854.378576435425	3078.3344160970846
68	5523.676012287746	3360.0131163251067
69	5625.0	3375.0
70	5596.83067161807	3466.505304425866
71	5763.728655729168	3301.459436407978
72	5543.092942269174	3425.500732990955
73	6375.0	375.0
74	6312.33461857461	275.65789898524383
75	6375.0	375.0
76	6357.637292242505	255.0409659260016
77	6096.103042786874	124.31795585391555
78	6338.284295366035	553.6971852172037
79	2625.0	4875.0
80	2672.865276625734	4714.528981176534
81	2787.4113352573595	4859.581212170005
82	2368.7829107137813	5060.5104776498065
83	2536.0945812947634	5038.859091070197
84	2625.0	4875.0
85	2625.0	4875.0
86	2549.775884809797	4660.925439817819
87	2504.0694956226203	4762.4718438586915
88	2710.8558433389526	4654.902988443885
89	2387.676223824807	4852.207433367645
90	6323.918629287263	1046.4404821501623
91	6247.320723324792	1177.35119890035
92	6718.498262695447	974.5541840887236
93	6301.834914840422	1112.7083747581887
94	6309.2092667569505	1231.167374430642
95	6349.219761166521	1207.7768276005377
96	7125.0	12375.0
97	2761.7598852600463	10842.468950370096
98	2625.0	10875.0
99	2289.4228637938368	10844.298121616508
100	2890.9593827803296	10776.538173732588
101	2550.3233135404457	10913.066805932214
102	2625.0	10875.0
103	2610.870531381087	10890.02615780743
104	2536.970394565875	10870.146175669935
105	2625.0	10875.0
106	2250.414549775797	10857.372167452268
107	2886.4287259640237	1629.6534362486843
108	2625.0	1875.0
109	2272.781307202545	2003.7128293685294
110	2625.0	1875.0
111	4589.6507204616055	6618.312121907066
112	4709.241002004989	6547.481937556724
113	5036.256428104937	6212.747752729055
114	4875.0	6375.0
115	4685.942307146626	6579.171635078762
116	4970.901651299576	6248.902143720816
117	5058.138911657112	6246.117684939344
118	4821.213926917394	6374.527809145561
119	4974.411792282836	6199.456602812168
120	4742.629552851842	6569.32632237647
121	4926.192858266545	6217.856706601868
122	5105.561885065841	6290.2615274032405
123	3111.426053968573	13627.937612643194
124	3343.8341617868246	13890.216670604055
125	3375.0	13875.0
126	6656.918044410768	13013.662688935397
127	6315.766232726536	13130.504963785384
128	6187.650711903035	13274.777116649306
129	6037.471449537537	13288.399747927311
130	6455.0183665301265	13021.180575621765
131	6379.927565043366	13048.761276565272
132	6592.245874392613	13097.71450824357
133	4965.817458388265	3960.473834670936
134	4875.0	4125.0
135	4893.245628364582	4030.313846142516
136	4759.882790324276	4182.443095842488
137	4627.434438438211	4161.609846877348
138	4875.0	4125.0
139	4756.365620155737	4278.78512969055
140	4656.543389972865	4340.967449376397
141	5236.706935907306	4026.039944843648
142	4875.0	4125.0
143	4897.017233285231	4090.6482957826433
144	4915.613702249867	3950.796549922829
145	3953.0804092296876	12921.193392304504
146	4125.0	13125.0
147	4125.0	13125.0
148	4125.0	13125.0
149	4070.7950823979404	13186.811647463881
150	4125.0	13125.0
151	4125.0	13125.0
152	3939.2335084882116	12799.245781867065
153	4009.0311651938678	13057.975183085631
154	4039.6928918924255	13063.248255613866
155	5603.708614767667	8144.961704967805
156	5683.729306655449	7622.378385729995
157	5619.442427446129	7919.809837135984
158	5586.573535736885	7878.339540123911
159	5447.629578592876	8023.368084057886
160	5784.219469694471	7676.402543403736
161	5681.004473473552	7841.525057060435
162	5702.943245375716	7826.060454680318
163	5787.177300503348	7797.644888783755
164	5379.832947086571	8158.757142933431
165	5598.739024961402	7735.750342297858
166	958.2430534747153	1997.1684343533666
167	806.0071702346544	2072.151146479794
168	1277.1281270885434	1871.5518031514343
169	1006.9029454094896	2075.7509394350577
170	1207.9808407719659	1752.466915552144
171	1186.8297012743503	1767.9092324749627
172	1236.57944630052	1819.3240763595652
173	1172.8175092445827	1772.1653956003072
174	1272.5112062011785	1746.5153343470267
175	1085.7162620732765	417.04633495797924
176	1122.0762514752541	370.90116809263316
177	897.3987412871668	76.9686811217083
178	1252.8852209052193	372.825189571139
179	1125.0	375.0
180	1125.0	375.0
181	2561.460255214762	12389.438482008813
182	2635.9132928406652	12000.15883358498
183	2420.501649449566	12577.060831755853
184	2489.7027027353506	12488.79606506389
185	2899.110570613448	12338.773100800701
186	2674.955447278415	12113.270234892421
187	2625.0	12375.0
188	2601.3863392542617	12532.829341949164
189	2540.9951001171867	12224.3057967599
190	2625.0	12375.0
191	2625.0	12375.0
192	1987.0184311929513	7793.9872645095265
193	1875.0	7875.0
194	2142.660306430287	7679.908116106065
195	1778.8461573284737	7993.198674532123
196	1764.5916904844353	8028.866089929587
197	1947.803619569523	7770.175115388522
198	1628.206751240369	7987.933218842251
199	1755.9613190253713	7692.084929644913
200	1989.394732252229	7678.890042132867
201	3955.0343922047196	10958.598981679545
202	4136.497332525567	10667.628324172232
203	4044.4881669002853	10879.365807373764
204	4192.909241013947	10687.803646126744
205	4050.548791228942	10781.209960022345
206	4171.242364539639	10787.120947234482
207	3961.266489108956	10871.884593767265
208	4125.0	10875.0
209	4125.0	10875.0
210	4125.0	10875.0
211	4090.0806054231184	10873.598356193992
212	4054.4473840007026	10712.780521307199
213	4125.0	10875.0
214	4170.932493686764	10582.482878215544
215	7033.9098213771185	4935.234792913775
216	6958.322649064195	4978.060199072402
217	7151.702543950631	4814.066320249609
218	7150.419874571214	4826.647384785201
219	7025.168503906058	5038.49821439966
220	7430.477433238158	4657.494740794097
221	5474.546958870845	6536.883772233982
222	5790.338717322176	6283.3207760721525
223	5576.727741243985	6356.060393342094
224	5869.463210960276	6352.06833292147
225	5797.305188134896	6340.500558065754
226	5311.732250841353	6581.126944713869
227	5625.0	6375.0
228	5472.776449780416	6287.254813290646
229	5857.712230248109	6355.302886012621
230	5444.364475232137	6249.03002532347
231	7435.1504342652215	6914.211698320105
232	6950.093019788067	7258.256580387406
233	7428.834026936604	6924.776592425215
234	6968.114827404449	7242.257195071155
235	7287.81074493974	7021.126790726678
236	7046.877451406629	7141.473767090876
237	6952.540025776029	7252.889386590753
238	6930.579769471736	7245.008089383969
239	7125.0	5625.0
240	7219.944702362363	5347.770711053451
241	7185.616531763044	5508.119430975168
242	6925.056746025487	5942.250209125358
243	622.4549080515671	9948.56584708467
244	113.46119055941142	10172.976801904104
245	735.9810027101078	10023.423842943312
246	511.99787907330904	10097.76781832767
247	134.9438715024893	10244.130215859714
248	55.47812342262222	10314.718207293612
249	655.1593309245973	10052.594764465104
250	86.94733951957522	10262.804216241551
251	290.34212591728635	10019.407214267509
252	543.2326706812335	10113.613148463157
253	427.60894423340386	241.51918863868974
254	55.68527875914066	241.4421137788911
255	300.38190135742366	438.73662711683517
256	486.0017144041987	286.732157783914
257	321.8472498113501	746.2139344736172
258	375.0	375.0
259	393.3930589036188	344.28566837023453
260	462.5602521837678	318.19582832838864
261	4125.0	1875.0
262	4174.962813875658	1832.4763842730736
263	3991.516035389059	1846.0990793930255
264	4102.416578523322	1818.0096932797132
265	4039.23822232124	1770.124011837346
266	4066.325264367258	1829.2670622535034
267	4784.076420757986	10120.237860901445
268	4875.0	10125.0
269	4875.0	10125.0
270	4826.530260985626	9954.486751875847
271	4849.145836690945	10295.571405391951
272	4881.409847914047	9750.054785535649
273	4831.572809815229	9904.676620562755
274	4899.435222501338	9947.384567026878
275	4652.014296674805	10076.47294832545
276	4875.0	10125.0
277	7175.415675836833	2554.1675820936016
278	6918.033673985735	2751.0045364786133
279	7046.698503329084	2781.843868829858
280	6961.52987428425	2779.6803513679924
281	7258.288475532013	2433.4308035211297
282	6950.282879163271	2795.9842777607237
283	7289.820870152627	2533.917078036899
284	7399.928109080469	2369.9715019111827
285	3547.9908749351234	12260.136197792399
286	3375.0	12375.0
287	3353.1751773327865	12418.387247657321
288	3412.102458849419	12331.813975958157
289	3247.62154667448	12219.813640465005
290	3025.230143981694	12510.225914014043
291	3375.0	12375.0
292	3429.4035247381157	12272.599046194302
293	3375.0	12375.0
294	3375.0	12375.0
295	3551.4653013203724	12256.357723305106
296	3232.3707229533284	12578.642203592046
297	4875.0	12375.0
298	4678.948600364119	12418.524665032279
299	4875.0	12375.0
300	4938.095985356583	12361.975483834098
301	4965.215946027354	12336.236881890572
302	4901.777728521448	12341.102067039774
303	4806.622500855958	12319.250140729826
304	4784.394361327142	12376.85628654956
305	4666.821636438895	12331.897475095306
306	4783.230610589184	12358.206571574545
307	4840.330268970946	12435.190240692516
308	4307.591645998814	7766.993401580924
309	3992.1802434205174	7991.567492225419
310	4283.4076517095555	7816.667814204121
311	3831.4066553250636	7885.176193201272
312	4125.0	7875.0
313	4101.396285501415	7796.359814762249
314	4125.0	7875.0
315	3753.9341366331932	7820.823205670265
316	4125.0	7875.0
317	4357.0290346643515	7815.523402565897
318	3936.9603193299426	7876.72337199483
319	4023.54536043126	7873.477720235698
320	4365.576660629189	7764.824230111508
321	1832.3634562790653	9950.221334943795
322	2020.8944796775534	10080.614860024742
323	1896.0393467285671	10067.53144141231
324	1761.6854174885145	10185.210860282106
325	1703.8967142166277	10121.904282233887
326	1829.4651487454703	10064.682671277886
327	1737.1235550285874	10021.859068422767
328	1875.0	10125.0
329	1875.0	10125.0
330	1813.5446049842406	9986.8021164571
331	3294.705737222204	10096.237680537266
332	3375.0	10125.0
333	3335.457623867975	10252.827912078174
334	3208.6780681249274	9875.380339424497
335	3375.0	10125.0
336	3375.0	10125.0
337	3375.0	10125.0
338	3239.6766153595468	9853.709563086933
339	3375.0	10125.0
340	3018.736988809285	10007.945880647778
341	5252.336669846428	2666.7976358045507
342	5607.114114487152	2307.3143785711063
343	5625.0	2625.0
344	5625.0	2625.0
345	5375.238092871151	2746.1256515776518
346	5640.477292367696	2565.9708448008714
347	5625.0	2625.0
348	5744.19468727329	2591.836929615445
349	5710.442979510022	2531.938694415488
350	5817.149936586534	2624.9269680671573
351	5625.0	2625.0
352	184.8582169426407	4312.679239949593
353	67.60228212132057	4219.788756402542
354	228.85100258460454	4087.8011530817953
355	651.8221716700859	3938.4139961382366
356	727.8357030282248	4090.7696060795033
357	349.7591432907262	4137.546277071219
358	235.50108181438108	4211.332988348877
359	499.03462299772065	3987.331027414384
360	390.48038631660756	4108.276754115177
361	56.21000316126538	4267.537619767618
362	733.045986487673	4013.518738973453
363	4325.177281353504	9265.768682593283
364	4125.0	9375.0
365	4364.642362956913	9137.688951244658
366	4021.328122366787	9444.433363495744
367	4010.9001368108334	9470.175781474276
368	3779.2668067716695	9520.236218279539
369	3987.690228041283	9389.098366747337
370	4209.683330050773	9145.157766781706
371	4125.0	9375.0
372	4242.127891979713	9207.167781297754
373	4006.7050232256715	9396.385535700185
374	3941.5451866531293	9556.492832556825
375	2624.7817032625107	5524.6813306198965
376	2542.4408941499887	5543.2902172615295
377	2253.874927595281	5678.769699948875
378	2625.0	5625.0
379	2760.315680983853	5598.0094051229935
380	2606.9989486721993	5611.643848922811
381	2625.0	5625.0
382	1875.0	9375.0
383	2097.6238108710927	9293.116952422342
384	1932.692194547242	9264.224296086519
385	1501.5841848759856	9409.432964079031
386	1980.0950570064767	9168.01915139318
387	1875.0	9375.0
388	1755.099381871734	9450.97026733682
389	1937.9721245966061	9299.38764166268
390	1661.9790508732347	9576.01819941784
391	1906.0116453137605	9373.345057030665
392	1760.57909284808	13080.540473476585
393	1770.4030722571597	13106.720532928039
394	1675.0019091431047	13079.09616270518
395	1875.0	13125.0
396	1669.5979289508148	13131.45169913953
397	1875.0	13125.0
398	1875.0	13125.0
399	1760.133343633946	12768.02569944703
400	1624.6572432289647	13275.270391845683
401	1875.0	6375.0
402	1814.1368298176483	6319.2959232734665
403	2064.2730379954974	6341.801283993332
404	1875.0	6375.0
405	1808.4101646971321	6466.251834341474
406	1983.7102810214506	6016.102974656745
407	1875.0	6375.0
408	1769.9167116886442	6217.75316731373
409	1796.7373333820865	6414.269444389779
410	1811.583543329765	6566.648726402775
411	6700.829529070232	4689.3656336077
412	6375.0	4875.0
413	6281.483722592822	4947.420357588483
414	6275.717315353253	4910.145644124414
415	6415.122397039259	4811.980614214185
416	6305.572179501901	4884.406305142697
417	6375.0	4875.0
418	6311.169093195343	4915.906291356751
419	6252.681339765537	4924.862462600984
420	6375.0	4875.0
421	3375.0	3375.0
422	3375.0	3375.0
423	3609.336160507557	3096.6663661578286
424	3634.737441241403	3323.898374921779
425	3375.0	3375.0
426	3333.293145273009	3496.1840524702866
427	3375.0	3375.0
428	3080.8935426894864	3188.095675870763
429	3009.3164927415437	3329.047832997031
430	3039.4054216962427	3542.3358270458643
431	3440.1033660251383	3139.003340957237
432	3343.2547454907067	3525.8219517705015
433	3789.4672554071317	254.49086640370314
434	4337.482517134193	269.8982140589494
435	3750.488669819846	394.13801365585863
436	4125.0	375.0
437	4257.258051756877	134.575936324056
438	4076.0632625366266	431.034556725001
439	4125.0	375.0
440	4125.0	375.0
441	3825.643763626687	341.02087968711425
442	4367.626112002352	320.247058703067
443	2008.2044479479289	5609.140075229792
444	1935.085791954088	5522.753755015488
445	1555.8960315767254	5821.971209410202
446	1846.660319710727	5351.894532198433
447	1758.5980502494533	5781.0588968194525
448	2181.2063727803707	5449.60690321343
449	1828.2183724221481	5672.640213172256
450	1875.0	5625.0
451	4860.389394189561	1705.1181116379435
452	4963.212604787407	1743.572454142061
453	4544.615889099985	1697.5983673558587
454	4633.654807992914	1988.0406274008985
455	4875.0	1875.0
456	5032.880319303482	1853.6516461284464
457	4875.0	1875.0
458	2228.959555917514	3362.1924963352058
459	1959.8306250672251	3343.5288908548523
460	1810.320464395777	3248.8093229894334
461	1605.2875915616787	3460.5519748265524
462	1927.6494689084248	3341.314405740039
463	1965.19921600331	3292.9053857937624
464	1818.216818435279	3338.7970923448875
465	1547.7984149109996	3558.2051383429125
466	2135.962483841034	3283.315539237241
467	1875.0	3375.0
468	1731.4339106269563	3452.903641413835
469	3375.0	8625.0
470	3375.0	8625.0
471	3062.401989527152	8417.858782835436
472	3174.8069339062126	8477.840088745468
473	3621.4084408345893	8605.404285555882
474	3375.0	8625.0
475	3451.4378531416837	8592.133882510829
476	3365.4632794870768	8797.617878352714
477	3134.8438391341033	8380.249570017066
478	3048.9848327835016	8502.175740402876
479	3375.0	8625.0
480	7149.389030877403	11611.96876856105
481	7289.239629619949	11530.77993932625
482	6788.754382200531	11791.023746827535
483	6985.7437861666285	11708.279870639819
484	7190.758669713336	11607.596007756578
485	7342.9039887632225	11528.194824822924
486	7128.21061960116	11597.156842065844
487	5558.009032208441	9171.986695560834
488	5625.0	9375.0
489	5496.293760496667	9181.86962505443
490	5521.758965699388	9310.06824150595
491	5557.628696795779	9422.824554818664
492	5625.0	9375.0
493	5625.0	9375.0
494	5600.318789956773	9197.59649569623
495	5617.500854650031	9248.692407926135
496	5625.0	9375.0
497	5672.048316727029	9355.356766441659
498	5545.262349997615	9460.850976584135
499	5524.960682174378	9559.149815592174
500	536.0772242070907	7866.777674581673
501	725.9850238203228	7742.960183831363
502	191.1960692723812	7970.014832894304
503	557.5142612919865	7714.679462782249
504	375.0	7875.0
505	516.8396045503038	7751.801065056183
506	191.9817662377316	8011.812988957983
507	209.42671503382644	7855.183394629522
508	365.4097146250064	7913.813648573484
509	330.25290097738565	7908.247131837663
510	120.91485061142805	7998.5674466056125
511	237.12808622729133	7880.080508602148
512	1181.5699605810826	7856.3020225238015
513	1309.229152040689	7548.373884175853
514	1088.9605029930117	8035.456559679861
515	1199.6163837856152	7794.510242226432
516	1111.0756413991796	7981.049390445338
517	1125.0	7875.0
518	909.8863192573647	7964.093501469069
519	936.8132773453367	7971.067124545543
520	1145.8261905065967	7734.029803404814
521	938.5079441545325	8050.923934474713
522	1266.0405058380477	7789.260924515864
523	5111.164164546907	11591.883875973517
524	4852.034519455921	11411.642497526791
525	4875.0	11625.0
526	5183.883240365903	11569.478931207253
527	4610.917306903659	11492.156592699159
528	4542.993010164517	11525.867873830914
529	4616.444354536396	11896.613656134774
530	4550.874308064084	11641.877347588645
531	4875.0	11625.0
532	5063.128996112416	11591.165346042639
533	4927.991238936688	11596.400310571542
534	5067.4912833715425	11620.23929270272
535	1048.4895807854305	12498.405417115
536	1147.9986238793335	12325.5172772403
537	1179.4277071471147	12003.970857351194
538	1259.1564995591161	12150.715899358565
539	1065.826773704502	12602.936944826553
540	1096.4467232553961	12468.751010836559
541	1065.166064670976	12480.786248610766
542	1250.4915041203792	12346.74372918824
543	1046.2613317415576	12450.447961512791
544	1066.5297555908842	12464.909504474806
545	1256.997765873273	12261.257530783381
546	1017.2061040108199	12445.557775267967
547	3490.7513808352055	1109.600164366354
548	3375.0	1125.0
549	3375.0	1125.0
550	3319.8827311377418	946.1532377805372
551	3120.4564128215957	849.6228727247848
552	3357.9812447684176	1412.699919338968
553	3386.5731738187715	1018.2390132412594
554	3349.848731901017	1161.38549204708
555	3764.108260976168	12476.892849132579
556	4099.397110566185	12318.484319179777
557	4248.467742133217	12366.172119332037
558	4125.0	12375.0
559	4178.06654306138	12296.820458962893
560	4230.643880787162	12281.350226466135
561	4301.315183412688	12276.095214312769
562	4125.0	12375.0
563	4103.680115858264	12497.256964645298
564	4057.1054350928016	12468.243817727092
565	3755.3453332372883	12402.8085445327
566	4333.7678623748725	12269.255716621754
567	6375.0	7125.0
568	6375.0	7125.0
569	6375.0	7125.0
570	6369.651408596634	7126.567793269941
571	6047.921019788603	7189.928800730487
572	6075.257193325506	7249.240242796003
573	6673.889898396551	6898.527421888434
574	6426.41575381748	7041.823764575596
575	6324.6120469803245	7089.231359983831
576	6435.653387643592	7078.923100326672
577	6024.149628488972	7224.263700229777
578	2625.0	9375.0
579	2506.068355669419	9454.909915164408
580	2507.334745690165	9326.82924905129
581	2710.4040272692573	9223.966895829975
582	2636.822068028554	9084.032913103376
583	2682.6757246573	9336.57128909215
584	2669.5466199524176	9356.339660811182
585	2613.8130065959504	9605.433174001406
586	2459.21356956416	9143.087569677515
587	2580.6110326828184	9476.044296453127
588	2625.0	9375.0
589	2439.1016983626932	9529.738293525716
590	556.303132737987	8306.376984394885
591	355.55698748619926	8881.071233936225
592	230.9581579843661	8720.83389168459
593	259.41399523540883	8708.515842854973
594	194.3556622978859	8460.280699538462
595	375.0	8625.0
596	311.339466774819	8579.787195028783
597	276.9319763748996	8594.893996118642
598	448.84715758090476	8539.752802707766
599	291.71842798554854	8601.742138726133
600	375.0	8625.0
601	1922.6128024415784	1624.284672782676
602	1817.0130593587553	1578.8574980549984
603	1783.5522926195754	1951.4332278590352
604	1875.0	1875.0
605	1934.8619859084258	1541.0340318782846
606	1875.0	1875.0
607	1914.2270763801407	1786.0895715334814
608	1860.9540585769216	2064.2123023755407
609	1107.615440870867	6529.510921623164
610	1240.8660655904737	6059.2986910816535
611	1415.7994694535082	6138.228657634506
612	1354.2580127035073	6186.965328457749
613	897.8181728044519	6571.1430487801545
614	1034.2059881078592	6481.290375513248
615	1022.558550234724	6449.697163988166
616	926.8783495047653	6583.864653090544
617	6130.263658302005	10141.228233630593
618	6622.494909710302	9938.019807889406
619	6375.0	10125.0
620	6594.775999272791	10046.424828843665
621	6547.326406710685	10076.823163906485
622	6375.0	10125.0
623	6120.847481219442	10062.864560546743
624	6234.069875945111	10131.1108124612
625	6167.588420526574	10205.678566636454
626	6476.919169872804	10080.011261602944
627	6073.304735206939	10240.818230463094
628	1875.0	4125.0
629	1875.0	4125.0
630	1853.5370500537192	4267.486874301934
631	1689.796703563555	4262.590224128534
632	1699.6593708261275	4010.781090570014
633	1875.0	4125.0
634	1875.0	4125.0
635	1920.296940251764	3752.7458029735217
636	1972.961404314413	3999.212134880525
637	1814.5175574898033	4123.101790701903
638	1796.000205631873	3882.3025464744915
639	1875.0	4125.0
640	2452.133134714222	7822.3560088698305
641	2625.0	7875.0
642	2577.7566619093805	8018.824930178968
643	2957.275991538635	7742.630583334236
644	2625.0	7875.0
645	2281.94207967078	7723.552770578692
646	2559.751059118266	7874.957002221108
647	2550.317384146729	7943.411352084535
648	2832.3441533940504	7777.543648273975
649	2444.7382239451226	8021.510782665717
650	4093.2422651883476	11653.678786197932
651	4125.0	11625.0
652	4472.9237954330965	11618.411663510353
653	4265.771716368769	11609.31930173589
654	4116.6380017588945	11563.3027014378
655	3949.4595282599644	11590.976535899788
656	3947.2535099221914	11575.275568780824
657	3933.7570546720576	11616.45161046527
658	3993.8262711632724	11767.127812319888
659	4075.879525874788	11536.130931988617
660	4125.0	11625.0
661	4076.9928064228234	11618.105439459989
662	4084.2357721435696	11588.378287830245
663	6378.230224387526	4014.0555283733115
664	6375.0	4125.0
665	6352.676318472129	4223.901007641922
666	6580.554972779454	3881.734237360881
667	6264.068695862014	4223.3761036604765
668	6042.818375810692	4299.012552854538
669	6367.413730940914	4162.255015193906
670	6375.0	4125.0
671	6363.251607466605	4037.347020320791
672	6379.749273765983	4091.1092781694956
673	288.363245733917	3402.678126828048
674	366.3923317042596	3402.8621763767105
675	375.0	3375.0
676	583.8823730725859	3132.969968023666
677	450.79184791358375	3311.6174796025493
678	683.2267735768896	3161.4086704700285
679	288.31540503997644	3447.035286926969
680	118.80668487491147	3551.531551204853
681	254.8557151133296	3513.7855484035945
682	501.52675147858594	3230.4833192930114
683	398.3045123049394	3336.1423866796654
684	162.6063637664181	3573.0872880796996
685	2548.784669971134	13763.510644059057
686	2389.9066082493387	13788.995182981207
687	2562.8967087358383	14038.016965756142
688	2625.0	13875.0
689	3337.715647462645	289.6502235384429
690	3375.0	375.0
691	3031.722949075759	224.05011987829786
692	3375.0	375.0
693	2523.7291930752162	2605.607771546951
694	2704.617835172043	2599.2222518769368
695	2492.5871595351637	2975.8444665090697
696	2692.51031753762	2440.521326721385
697	2681.3367803505375	2470.243732426188
698	2625.0	2625.0
699	2590.7976304072004	2642.6235853950625
700	4125.0	3375.0
701	4093.0952215151815	3435.0177250356933
702	3993.036547351377	3373.1832608066375
703	4394.651861955158	3343.773632340424
704	4453.21931078791	3223.9233607340902
705	3910.8713913633046	3485.798592476936
706	4005.7734077333266	3559.606055919596
707	3902.238527080103	3450.7405881666286
708	3828.304294267675	3276.1692148170873
709	4366.480289979016	3088.0988505571113
710	339.1525253252686	12867.464780398293
711	235.520869697935	13196.517945376998
712	375.0	13125.0
713	383.7464057179079	12995.757444985073
714	375.0	13125.0
715	46.10808471348861	13106.053161167341
716	375.0	13125.0
717	293.64304323213196	13292.303969429018
718	288.4311566293014	12760.12901546237
719	266.8329650991507	13211.924704760366
720	3079.393293997088	2855.741577020935
721	3691.122443761831	2606.8609826148518
722	3375.0	2625.0
723	3375.0	2625.0
724	3081.5457025959386	2455.576402278944
725	3629.939121844075	2527.795652571301
726	3342.4079913241735	2614.803307059155
727	3313.8722286471934	2378.266891990809
728	3252.0620291515625	2401.740873126195
729	3322.9758411676157	2784.8168658434047
730	767.68103988681	5511.210014748096
731	1125.0	5625.0
732	1125.0	5625.0
733	882.5571848298586	5623.605898294971
734	988.0452181806917	5798.459899443865
735	904.0012139676413	5782.981140004753
736	1115.9119289542598	5627.650465768065
737	1132.1887980916963	5552.2381229366065
738	1361.667165316781	5570.084985977697
739	1345.7171924915074	5323.1666505380745
740	1125.0	5625.0
741	3210.54751189485	6712.016882597928
742	3394.7366185391975	6335.455860698442
743	3419.5338593828765	6343.304200907112
744	3392.665556848672	6325.818281373804
745	3388.9209678861753	6334.0884622852645
746	3365.081064341061	6346.317213967725
747	3356.1021589176567	6352.5402518755745
748	3430.0333568479628	6325.348535888957
749	3363.2753045914124	6344.946085632493
750	3429.103592324108	6330.164404527979
751	6925.803947042192	6647.47722568049
752	7338.730883245331	6066.869979477541
753	7048.951365560889	6598.57614629877
754	6984.083646685144	6502.479097727021
755	7118.33510683064	6519.8299822861945
756	7283.956789371936	6198.680499309419
757	7152.614197849598	6227.668915188961
758	7078.015369859665	6369.944831636155
759	7194.508179347673	6243.471008464247
760	2554.3477870377674	10331.05193463501
761	2625.0	10125.0
762	2362.4004113601286	10088.73797093287
763	2810.5799340436697	9854.737776892869
764	2570.9925147134586	9886.91571885258
765	2566.448723462245	10247.22265963896
766	2506.9672537889505	10182.121947158108
767	2625.0	10125.0
768	2625.0	10125.0
769	2654.307487272975	10064.137732762827
770	2889.3305567355715	10084.903283434258
771	2332.1987927869413	9890.708615065394
772	4142.822924285154	10032.987521358276
773	4125.0	10125.0
774	3834.970021584996	9887.28670289487
775	4063.76906242836	10099.531247961335
776	4125.0	10125.0
777	4057.3905455354297	10252.362048973479
778	4125.0	10125.0
779	4039.531754920301	10129.636408978595
780	4060.7755955339144	10184.774033023426
781	4125.0	10125.0
782	4068.3125034411537	10146.129637341963
783	4250.8944759701735	10112.245811135497
784	4162.859807012706	9942.915685499933
785	939.991559997564	11840.646356124413
786	1212.702645524514	11578.431088181196
787	1452.917317059376	11443.079046911631
788	1158.850977216456	11491.149935123112
789	1255.7734974567695	11291.117090408961
790	1125.0	11625.0
791	1125.0	11625.0
792	1145.988359319285	11548.106015560857
793	950.8089566780956	11687.041288769773
794	870.5190096208291	11716.36777366848
795	903.0105098406402	11794.1860932704
796	1155.0307922584143	11547.751132007517
797	5704.07437520667	5258.431802817437
798	5623.261167287825	5690.015819113814
799	5528.316572586609	5777.940325490039
800	5569.775614363625	5769.628694819612
801	5551.315439358442	5660.373728481132
802	5625.0	5625.0
803	5747.456215895085	5436.410769697217
804	5577.582068010787	5766.5904183192715
805	6533.470048775227	7682.210857922286
806	6310.749818468595	7945.623214162275
807	6406.731431028421	7812.344571599265
808	6265.2218874642385	7953.517066715984
809	6375.0	7875.0
810	6460.538645794955	7786.972829641478
811	6153.797130174665	8177.810651036313
812	6573.744002356942	7658.1831584244965
813	6315.912985550736	7985.644999165811
814	6243.856228233689	7903.547113929395
815	6409.011203005172	7793.068167957642
816	1875.0	1125.0
817	1844.1975811215152	1160.8303109300973
818	1774.3175603557684	1066.342064298447
819	1673.509073278488	1209.9009146742387
820	1934.8300319467999	975.2749671523045
821	2055.963063927751	849.161854215035
822	5718.403287845064	761.8184671273441
823	5625.0	1125.0
824	5801.612661917838	919.1525902653806
825	5548.605806548237	1314.649250425977
826	5606.881616841918	1074.6437680481733
827	5563.343500137464	1037.1881535830535
828	5625.0	1125.0
829	5432.587309749944	1418.4420938007888
830	5617.4824654697195	1149.3094665728047
831	2997.485975231678	8581.650279635207
832	2572.721150205449	8507.131171337498
833	2641.1763777787705	8616.478816194083
834	2625.0	8625.0
835	2707.5904458447376	8615.811529062008
836	2330.3288392271156	8828.767212530729
837	2701.7788798140114	8585.745090764713
838	2657.5757918571467	8598.808719813696
839	2535.5100030014332	8711.308021132614
840	2578.492767494064	8557.048621056825
841	2513.9994922043347	8594.573892897508
842	5628.939313194845	8622.95395094119
843	5606.663397607213	8703.942572134829
844	5625.0	8625.0
845	5488.671058859149	8858.685188588128
846	5534.620051199895	8464.51297565465
847	5686.660480494308	8296.512076200725
848	5710.153208555003	8259.796041816648
849	5596.767835944571	8725.041581041334
850	5599.092857115645	8750.202116333636
851	5551.192667711989	8689.49568482236
852	1192.3184980268386	13048.476470237345
853	1064.9033614615764	13214.91073107481
854	924.4482890320403	13441.865919953258
855	1040.82138330146	13112.49423778455
856	1166.869014295277	12961.255797700136
857	1137.4863090412323	13102.411973043752
858	1202.2369880711708	13048.634198676958
859	1163.4941514490238	13087.506372619588
860	1256.7358442877282	13053.744863001153
861	1100.685635272187	13178.698647266254
862	481.122897215697	12218.655227441914
863	271.9494752550529	12556.528200764158
864	138.32958375746983	12665.881615224454
865	375.0	12375.0
866	500.5171808155384	12190.345329351005
867	442.79956777716785	12257.538645440964
868	476.4304875177363	12264.089481637548
869	518.2647391305525	12179.724564367894
870	238.61536999311195	12543.078681998406
871	240.12324524844772	12509.254093515403
872	301.1930947131148	12489.607715965914
873	503.11025019747194	12221.183740576369
874	3765.392100218261	7018.664876853569
875	3894.9965789696294	7181.192558077049
876	4125.0	7125.0
877	4125.0	7125.0
878	4278.999940063363	7041.136955732601
879	3962.1473196955235	6960.01592272837
880	4115.812085964603	7201.971459465933
881	4027.8613383056218	6845.221224069652
882	4125.0	7125.0
883	4126.287668319191	6999.833734472458
884	4125.0	7125.0
885	4125.0	7125.0
886	4087.0299467493187	4790.8951006045545
887	4125.0	4875.0
888	4125.0	4875.0
889	4125.0	4875.0
890	4004.205995310229	4870.782976433084
891	3876.028116675703	4993.707437433055
892	4125.0	4875.0
893	4125.0	4875.0
894	4125.0	4875.0
895	4082.9786809099814	4740.595387419223
896	4149.845593177693	4500.823976583682
897	4005.642085967275	4803.024810176933
898	3991.1616091134515	6529.631382933831
899	4310.530202772234	6158.179465788168
900	4325.456067971836	6190.542564134304
901	4335.6314621622405	6130.065988286663
902	3926.4377150201535	6539.657038415243
903	3968.1684837471344	6607.547982957065
904	3905.5518165930825	6630.149736273639
905	4335.687666509908	6109.352087025329
906	4125.0	6375.0
907	4022.0847457925265	6334.3631751125395
908	4416.12369357648	6323.502164633888
909	3805.0914468819674	6570.661742918555
910	6304.981818875782	11704.911574839363
911	6579.209777940005	11506.406264607293
912	6488.823698613842	11553.249219250893
913	6510.690137935425	11548.473601473184
914	6325.695052113719	11740.694621148474
915	6020.085394149644	11503.918942216023
916	6355.961066414441	11645.019128705126
917	6375.0	11625.0
918	6285.928117108673	11786.43614420537
919	6413.840575058916	11584.167265939315
920	6432.916944267472	11611.462042318472
921	4125.0	1125.0
922	4134.176688656127	1098.4346319192528
923	4017.5416993601643	1303.4530309143365
924	4095.1204927177737	1000.5539724950929
925	3925.1357004483325	1050.326354135258
926	4106.540103962652	1068.7762012362762
927	4342.489128980031	877.536903736245
928	4095.5968122997933	1136.005595068102
929	2562.977943263253	7471.055048341242
930	2625.0	7125.0
931	2625.0	7125.0
932	2658.796771188285	6951.6850003040345
933	2574.685940648417	7465.704009035187
934	2567.835620707082	6855.716633127759
935	2724.7816334308213	6763.5188447098835
936	2694.1974135165515	6857.232591763691
937	2625.0	7125.0
938	2499.7883241618583	7151.864227680547
939	2527.428027713202	7149.389580732302
940	403.75437753305283	10826.648516088651
941	194.91093889558815	10969.519589563539
942	630.1184027494279	10600.155315535154
943	311.8941720949383	10901.03460656304
944	370.3657035049999	10837.578009856363
945	185.56699362560013	10832.625763497022
946	156.9785486394194	11062.054289800568
947	217.46726321026995	11012.429956225871
948	673.5328682883344	10843.293230869514
949	375.0	10875.0
950	370.45680887488066	10836.808208863595
951	3375.0	4875.0
952	3311.176776840812	5011.299435499421
953	3251.921443009696	4520.7731393454405
954	3375.0	4875.0
955	3112.9777665078013	4808.222684252314
956	3375.0	4875.0
957	3224.3229938045065	4722.353635023647
958	3375.0	4875.0
959	3375.0	4875.0
960	1844.3944689197533	10764.271613685269
961	1908.1512664380818	10749.03042692286
962	1748.0429301554557	10825.85901722137
963	1849.1503313034411	10868.112441666615
964	1930.6290378096394	10773.359714798948
965	1875.0	10875.0
966	1801.2137687166964	10989.566876661018
967	1775.1604348020137	10808.73069250844
968	2058.6191295879935	10843.224711749306
969	1835.0340154947805	11247.864211318985
970	3446.6037843029794	11624.026699544704
971	3353.3832042640024	11591.893883483237
972	3375.0	11625.0
973	3000.518149079465	11644.706428675181
974	3506.3180802767283	11489.207153218897
975	3375.0	11625.0
976	1000.8688628894139	9519.80036104646
977	1201.7545940654095	9175.80152117978
978	882.8985858621496	9661.377208018468
979	974.7282687727343	9461.369705041361
980	1103.9862861646197	9376.393942841141
981	1079.533284472718	9380.547885706363
982	1407.7566633836277	9254.222453357312
983	1005.4259575570679	9428.443884152817
984	1044.4694497656194	9490.812879275569
985	1211.1505305692674	9366.490113282089
986	1444.6589111181013	9209.87065405464
987	1022.3965910220337	9312.661951156475
988	1245.3718443227363	9237.207780956525
989	6321.124946181432	9713.428950726875
990	6200.855225675645	9416.743215022223
991	6375.0	9375.0
992	6286.935136493815	9368.22940155962
993	6474.096864614599	9313.275775816797
994	6375.0	9375.0
995	6269.346381947632	9482.107927589715
996	6347.964114825188	9307.380787800374
997	6609.708080809215	9082.532708148663
998	6383.6310076452155	9312.25002318501
999	6257.833399060303	9311.031268135448
1000	6332.624095640188	9588.922144415597
1001	6466.944895763215	9173.42448845434
1002	6316.011311056818	2553.655950044084
1003	6319.754317982797	2577.3480607542406
1004	6653.849202565601	2374.2648364737643
1005	6375.0	2625.0
1006	6404.184910341151	2518.1076987183014
1007	6375.0	2625.0
1008	6375.0	2625.0
1009	6100.803311493401	2792.277340389795
1010	6259.765354561662	2687.1343733921794
1011	6252.697879022432	2671.2331264550794
1012	7111.598496892078	1850.606214481455
1013	7235.802002239052	1833.8413438654234
1014	6870.782916761649	2150.678571147242
1015	7281.815732190426	1664.873018589084
1016	6254.424976412951	6672.193342204545
1017	6375.0	6375.0
1018	6259.293435839279	6222.9341705586485
1019	6088.08033825329	6242.165753026224
1020	6154.643131556333	6229.608856536918
1021	6212.857619362893	6312.479939937146
1022	6333.286577291895	6400.685388670262
1023	6375.0	6375.0
1024	6677.760858411659	6330.254032559388
1025	6375.0	6375.0
1026	6350.43009378062	6201.420163743386
1027	6375.0	6375.0
1028	2625.0	6375.0
1029	2272.278821524617	6247.67062296965
1030	2332.7410338219065	6538.5024703478275
1031	2625.0	6375.0
1032	2625.0	6375.0
1033	2797.420083405718	6353.838825272405
1034	2535.131479682176	6388.98544369638
1035	2755.364722211796	6364.712005946967
1036	2553.72808142032	6165.569604115276
1037	2627.1857444418006	6182.199087742224
1038	2625.0	6375.0
1039	892.9686118216346	3221.9515752435723
1040	1316.4405306700307	3274.9840289724375
1041	812.0938225304913	3508.074371304026
1042	1296.8771982914486	3359.009011730447
1043	914.2788096904272	3504.1262452894475
1044	1125.0	3375.0
1045	1299.7808661907034	3340.561130883568
1046	1260.2818576908253	3226.2959262940703
1047	843.6352496100997	3622.9090099976784
1048	1301.4698404526357	3352.1780326402645
1049	1155.5884055110357	3287.4260898095677
1050	1205.0125538060822	3363.112505535846
1051	3375.0	7875.0
1052	3335.9999603078045	7866.730554800702
1053	3377.499417416827	7749.29517816037
1054	3375.0	7875.0
1055	3333.25669163107	8000.356652906858
1056	3359.002757272138	7913.643287170328
1057	3317.3422998703754	7860.464008920427
1058	3375.0	7875.0
1059	3338.956318517043	7809.666730774913
1060	3348.012700978129	7916.333368526531
1061	3323.246494563464	7761.622140055248
1062	3265.9439539652985	7794.307952416398
1063	4803.762853141701	9288.520615167809
1064	4761.87426569886	9413.228678297472
1065	4713.417475204165	9375.53308464672
1066	4731.650800237908	9292.783079606957
1067	5044.547239979108	9154.76726173714
1068	4822.00376140135	9602.03339369547
1069	4875.0	9375.0
1070	4875.0	9375.0
1071	4892.337559354674	9316.80821443589
1072	4800.973608967156	9191.464358894642
1073	4686.263948522901	9350.760414308343
1074	4875.0	9375.0
1075	3302.8679295121697	9357.673198123493
1076	3299.5523873485827	9470.367545588451
1077	3375.0	9375.0
1078	3364.7666755257733	9425.705835447196
1079	3299.9008329213902	9166.755898019657
1080	3176.143405442759	9520.768926158715
1081	3375.0	9375.0
1082	3363.8107478890292	9000.166969655558
1083	3535.085889977252	9367.660959930276
1084	3375.0	9375.0
1085	5578.929495768931	7072.510796703609
1086	5593.241585624954	7124.537566934393
1087	5587.544141825877	7061.52953657047
1088	5625.0	7125.0
1089	5625.0	7125.0
1090	5532.691832355835	6957.038575913597
1091	5462.310190847511	7060.006801832007
1092	5555.416482578853	7137.428346190684
1093	5625.0	4875.0
1094	5884.5284511622785	4710.724674313574
1095	5635.435651809349	4870.6872291377695
1096	5600.447760682957	5149.172854960724
1097	5275.4538885659895	5010.80322522445
1098	5710.699741459448	4682.538133669255
1099	5716.577186317265	4692.14239154501
1100	5681.218037145858	4755.872196280285
1101	5591.088787486208	4997.6668679710065
1102	5480.409678265596	4981.5316784012675
1103	6493.61119658882	5453.695920571802
1104	6109.6858790060905	5890.01588103589
1105	6457.5762353118835	5582.562529636488
1106	6364.355491803568	5621.217924048848
1107	6450.928834440488	5512.075937164996
1108	6447.7929450650445	5550.821276961519
1109	6340.069145625036	5677.816148072332
1110	6341.835825913599	5678.021529435364
1111	6369.144082094118	5658.775402132233
1112	3129.100050518818	13386.829944075345
1113	3699.6774532057566	12937.357916820816
1114	3636.3001681602937	13064.098499428836
1115	3034.9188312444057	13111.715388110366
1116	7301.954245247492	9909.736182075534
1117	6822.930237260834	10347.213542428683
1118	7092.8647395683065	10145.35484095112
1119	7032.47484111538	10240.491871225495
1120	7111.379063372941	10189.517397285888
1121	7260.623521314945	9929.530851231351
1122	7125.0	10125.0
1123	7219.418098968189	9938.436042387062
1124	7069.871360267336	10124.762978758403
1125	7125.0	10125.0
1126	7046.11101600535	10242.445019010895
1127	696.6186066282586	6932.162058011144
1128	227.50824512717355	7209.51358448482
1129	585.9227825840752	6995.691407801375
1130	604.4004686029773	6933.410128365077
1131	452.8279045601226	7122.564978422312
1132	325.24725646578105	7168.552252066844
1133	375.0	7125.0
1134	63.41223844308769	7320.061261072158
1135	88.8360250283169	7257.079326100046
1136	302.57228061571357	7173.85544384044
1137	6281.525820989998	12394.928188231726
1138	6284.514990059479	12378.084042333305
1139	6549.5328376077205	12253.973803821935
1140	6289.433225624665	12538.421876777687
1141	6660.7971109060045	12132.214062602916
1142	6492.56029417833	12344.422340108571
1143	6275.695883290124	12416.826719441511
1144	6237.303603841562	12545.591316377086
1145	6603.87691134631	12214.167474223259
1146	6371.5375087045395	12289.106911713578
1147	6212.847879699712	12497.909461787787
1148	6240.374212176395	12494.354046202372
1149	6381.474672693795	1688.4677043204838
1150	6473.861096205333	1803.7134356032018
1151	6375.0	1875.0
1152	6400.597457427291	1651.3225587161844
1153	6375.0	1875.0
1154	6015.487220724334	1981.65627753436
1155	6420.165329801342	1824.267386120135
1156	7247.939354202901	7664.0044340214645
1157	6896.855440860068	8172.6156248163825
1158	7208.563721921727	7776.5176993919895
1159	7230.0513349015355	7704.2695387964495
1160	7103.49041024462	7932.986863573915
1161	7125.0	7875.0
1162	6960.849007167397	8033.885957365006
1163	7145.59667319386	7815.089092549301
1164	5625.0	13125.0
1165	4156.356065120745	5600.593367350143
1166	3985.833262503382	5527.838472629791
1167	4195.098502588816	5615.5987768184295
1168	3810.0270442479473	5549.453127996012
1169	3982.1590843564572	5563.338613897511
1170	4013.1580759448725	5524.320437672466
1171	3957.0715075040966	5534.174916633252
1172	4125.0	5625.0
1173	4125.0	5625.0
1174	4125.0	5625.0
1175	4212.465475825413	5562.626587900212
1176	2478.3088285597187	988.7940501912896
1177	2761.9496376588595	989.4888292522769
1178	2625.0	1125.0
1179	2553.6215074962797	989.2877089977806
1180	2330.3766537308975	893.0041297065903
1181	2625.0	1125.0
1182	2625.0	1125.0
1183	1036.8784499303463	7102.531747962466
1184	1210.0846803263216	7069.5287999149305
1185	1268.8265181536678	7025.773581037409
1186	1046.1556038436606	7163.5664822694935
1187	797.7922650477751	7308.194154348425
1188	1266.5550524093474	7084.509556645666
1189	1224.4419275906007	7041.62463704808
1190	1125.0	7125.0
1191	1240.731482709821	971.8911447203091
1192	1125.0	1125.0
1193	1020.4226140347179	1237.7907209358325
1194	945.7315744702032	1156.137036737905
1195	925.6647866976808	1045.8570649432925
1196	999.7684233847533	1044.5867008255707
1197	1206.611994520023	1000.5698957318853
1198	1121.5331988070582	1141.2561638427046
1199	1125.0	1125.0
1200	1129.5802434893374	938.1627900254585
1201	5702.107886144407	11588.133200155506
1202	5654.920100439686	11587.129068358137
1203	5523.649366962252	11603.370804730801
1204	5625.0	11625.0
1205	5625.0	11625.0
1206	5435.064870706843	11621.499992534644
1207	5570.192184796038	11729.23076229142
1208	5586.097937905704	11767.243368693938
1209	5678.515697752593	11337.779580608636
1210	5519.886327145303	11591.487851225427
1211	5481.90699181266	11760.786599428722
1212	5473.94007050292	11564.559692651286
1213	5883.85955945995	11470.42288207525
1214	7263.175480890677	266.31564683681165
1215	7125.0	375.0
1216	6762.97200801063	472.77900089561354
1217	7267.312725427986	164.9977106138995
1218	7056.2835507310865	617.1242803065446
1219	7053.695120815437	84.05623415320304
1220	2667.8853118307843	13068.156494980827
1221	2534.8537398219046	13410.596854540883
1222	2625.0	13125.0
1223	2660.518218205642	12948.053954035744
1224	2715.007551239531	12927.521636154215
1225	2627.4705710945673	13052.235036815839
1226	2584.528029701718	12937.121652692469
1227	2625.0	13125.0
1228	2509.1906462023653	13043.259210501124
1229	129.86203200619659	971.5842179018969
1230	422.05843544827906	1067.8745310255258
1231	52.376380016695464	1220.2766898428426
1232	476.0582410944051	1019.9964252126878
1233	62.49896789577974	1118.9143617642017
1234	375.0	1125.0
1235	375.0	1125.0
1236	375.0	1125.0
1237	503.94262769373125	854.7368449337034
1238	375.0	1125.0
1239	394.5025017774385	1083.6870542057939
1240	5543.146142357292	268.8878088012084
1241	5354.391269213098	166.6879591439795
1242	5584.3284459528995	180.1955822034913
1243	5625.0	375.0
1244	5555.975036016787	127.15821408754078
1245	5625.0	375.0
1246	5641.4098154940275	340.19298576875485
1247	5625.0	375.0
1248	5574.301864816211	470.7837003289859
1249	5504.422246588497	442.2339355664483
1250	4859.3993261839505	8781.646412012096
1251	4875.0	8625.0
1252	4875.0	8625.0
1253	4902.316309572485	8356.944030980301
1254	4875.0	8625.0
1255	4502.336259836736	8583.206019960679
1256	4804.290736539975	8525.112343716988
1257	4875.0	8625.0
1258	4797.710380469668	8510.741713229903
1259	562.4171384680719	11341.551621419796
1260	354.9374881576665	11560.331448733881
1261	375.0	11625.0
1262	131.91539680639946	11741.588203781623
1263	1.770296616220719	11661.394896785898
1264	354.69284135197876	11737.524266632925
1265	375.0	11625.0
1266	341.9653123524642	11854.022570082338
1267	568.1250726754736	11391.205343430813
1268	189.40886991895889	11603.672988402966
1269	375.0	11625.0
1270	554.6422335077965	11482.936105356217
1271	7031.428347262965	13823.203898361038
1272	7138.329450063262	13820.511211140089
1273	6994.960680983718	13819.506933276094
1274	7125.0	13875.0
1275	6984.430736506282	13732.289738354793
1276	7125.0	13875.0
1277	2553.8649962583822	3928.4122912629728
1278	2705.482315524309	3938.201806307868
1279	2602.200696751569	3932.660807170167
1280	2329.402740527697	4355.753678610903
1281	2625.0	4125.0
1282	2625.0	4125.0
1283	2861.397658236568	3964.218739108481
1284	2336.3905133819553	4164.15902149102
1285	2625.0	4125.0
1286	3749.9671127693596	1870.0336792884148
1287	3375.0	1875.0
1288	3439.556769771701	1743.414699000723
1289	3073.0821374122047	1806.0426549179003
1290	3432.0451946968756	1731.679831506327
1291	3125.8509448135765	1993.7441402707468
1292	3375.0	1875.0
1293	3158.477596089023	1851.842234903697
1294	1711.2731280061034	8852.890693051128
1295	2006.570447031757	8464.619998455193
1296	1848.5413604963223	8859.237197567274
1297	1887.1077831218545	8495.714252440928
1298	1802.1057394679235	8572.85798724975
1299	1912.663643159849	8622.150799904219
1300	1873.7882732424614	8676.77211906256
1301	2082.3577293476856	8312.545567994672
1302	1756.0930548117747	8763.095399784701
1303	1794.8080672092851	8591.927007986953
1304	1875.0	8625.0
1305	1889.6044280247725	4846.712801339875
1306	1891.1771465414201	4785.583258266185
1307	1820.9818679718903	5014.922827696298
1308	1744.0032084039399	4847.943851323055
1309	1832.2301959696886	4892.8671777749505
1310	1734.3667212739497	5051.373122272433
1311	1795.5491881949047	4935.485763050707
1312	1827.0144258476248	4805.094444175453
1313	2000.578074277352	4799.4086624734755
1314	2240.057016059662	4789.219028767357
1315	1849.4379447811907	4856.3881934746305
1316	4090.614655700181	2556.176074538072
1317	4140.409557670213	2610.665481894322
1318	4069.8139291486073	2617.448449670848
1319	4098.789471665263	2607.2271692845998
1320	4102.066052659082	2562.0850704919926
1321	4068.6689422622294	2582.080244447683
1322	4131.51323434092	2553.8418353001894
1323	4104.751556601301	2589.178985687018
1324	4125.0	2625.0
1325	6195.80477976817	8677.179340434075
1326	6572.825748148629	8345.480584696832
1327	6451.355631202705	8619.592721748166
1328	6436.50455236399	8457.777097903296
1329	6407.498662946873	8544.608350419167
1330	6493.924242223924	8466.710804342163
1331	6375.0	8625.0
1332	6361.36357469646	8881.105991046903
1333	6375.0	8625.0
1334	6216.197417215375	8964.715674794279
1335	6226.033855470492	8786.237716425383
1336	6297.417364865839	8526.962291988806
1337	6365.69216422852	8566.340408708415
1338	2967.2850462115216	11556.488794682273
1339	2625.0	11625.0
1340	2581.8519238226672	11665.798034833053
1341	2807.2236936665654	11297.250819274077
1342	2324.294953598154	11758.479177567642
1343	2653.3295227915764	11513.884874419738
1344	2625.0	11625.0
1345	2584.8444154939675	11692.667775845124
1346	2417.782695889105	11858.154833600618
1347	2793.5868683880262	11443.30534003097
1348	2410.2093919202507	11545.28371950259
1349	2437.6201180596317	11669.261510400129
1350	2528.9097728991396	11675.41283813264
1351	6913.3080400165045	10885.503831930704
1352	7125.0	10875.0
1353	6999.407808847454	10780.818532686526
1354	6840.610304485761	10720.733202647096
1355	7125.0	10875.0
1356	7289.694254750778	10844.531440884006
1357	6885.66576291826	10757.87435011486
1358	7071.096127635933	10866.798648082706
1359	7125.0	10875.0
1360	7125.0	10875.0
1361	4500.975850309052	13902.035817871174
1362	5249.024149690948	13847.964182128826
1363	1883.3335388984083	13643.001403739403
1364	1875.0	13875.0
1365	1727.4524561138037	13845.80185887618
1366	1883.0090208400075	13784.899576066447
1367	5077.529048447968	7576.725990230761
1368	4746.364722106164	7896.754037463147
1369	5151.512215430268	7654.389656115561
1370	4882.892500367862	7720.859658114092
1371	4875.0	7875.0
1372	4875.0	7875.0
1373	4652.079851746426	8176.548681812083
1374	4875.0	7875.0
1375	4598.421417205426	8124.857648647584
1376	4819.180895303349	7878.186492379512
1377	2625.0	375.0
1378	2310.552335446646	170.67754343454703
1379	2580.51285767927	68.15388897275477
1380	2625.0	375.0
1381	2625.0	375.0
1382	2363.655153435278	195.09701398848827
1383	2625.0	375.0
1384	2625.0	375.0
1385	4125.0	4125.0
1386	4147.793386486456	3956.7130151834467
1387	4147.95916550085	3868.1874308280258
1388	4125.0	4125.0
1389	4015.8101638331095	4371.088099598841
1390	3868.1769928900826	4398.252526098148
1391	4148.780897282074	4014.1703842487595
1392	3926.8572380183623	4210.022939846363
1393	4125.0	4125.0
1394	4298.988145588103	3842.8772733045307
1395	4032.9709524737223	4068.193467065271
1396	6781.045014274703	9524.398687392862
1397	7287.221620141669	9270.44331728184
1398	7024.8246478125275	9469.596476153658
1399	7313.654678669906	9132.100253325423
1400	7180.576201678338	9343.229479877764
1401	7125.0	9375.0
1402	7096.11438396518	9449.913770936466
1403	5616.408968915067	1658.839957766618
1404	5685.893150922433	1723.5297082351033
1405	5588.913557165977	1618.4719085633617
1406	5625.0	1875.0
1407	5609.4090262987	2128.7541184965717
1408	5499.13528666444	1883.7887832435122
1409	5625.0	1875.0
1410	5613.092538218898	1724.5136310546995
1411	230.6886957303162	13838.550626790042
1412	375.0	13875.0
1413	192.9409793456898	13726.76696269421
1414	1592.9872711349894	7372.171642301681
1415	1849.647419893785	7086.507980855456
1416	1761.5775051892915	7023.055434154226
1417	1875.0	7125.0
1418	1875.0	7125.0
1419	1964.772878769945	7025.6921351941755
1420	1978.3790443297974	7076.72120440755
1421	1906.7849903749795	7074.848165402087
1422	1706.1193892492863	7211.779900543472
1423	1788.237788386015	7099.183589473077
1424	4768.491372014441	799.9012805465313
1425	4575.192794036151	1106.3395089084318
1426	4845.681450438948	1280.634743239145
1427	4756.682006196386	1405.3594238177434
1428	4942.223650913685	978.2531801819126
1429	4875.0	1125.0
1430	4875.0	1125.0
1431	4947.2758584550575	1071.404103275494
1432	358.28602024446036	9411.676825896056
1433	510.29245499769826	9228.088699499272
1434	320.47104958010914	9429.585217175028
1435	327.9568026269897	9404.69759336192
1436	325.5167409179984	9409.058386601628
1437	647.8650304599951	9200.879293879463
1438	254.55502480175838	9491.085259407037
1439	313.40107193874945	9443.393557751933
1440	300.80067084981033	9401.9201705551
1441	266.7189395306258	9484.579385915062
1442	182.8997909993155	9500.248839205537
1443	672.4832921474431	9146.682915897389
1444	393.7541883535492	9323.105052019577
1445	5625.0	10125.0
1446	5625.0	10125.0
1447	5941.818019879345	9924.372628288833
1448	5907.788172786688	10090.207075588816
1449	5401.076624564383	10118.613072420572
1450	5403.841264041229	10079.217579136423
1451	5354.962298340966	10155.372547642177
1452	5551.72635081689	10182.935314460321
1453	5468.444373250979	10083.157779150923
1454	5869.550013435637	10101.689910400628
1455	5444.986548333544	10077.457177508566
1456	5614.033610297804	10250.971938866238
1457	5625.0	10125.0
1458	7305.668563434015	3191.6656699006176
1459	7391.529087835505	3238.302312934166
1460	6808.299851318628	3575.813385572766
1461	7109.52060937351	3451.411394319403
1462	6991.935966323523	3459.0185489646865
1463	7121.21409476642	3460.4554257445407
1464	7079.921219586804	3445.1051773073464
1465	7218.641681154458	3223.5583530909307
1466	7175.090856749357	3239.7052049273634
1467	7048.1767100663155	3464.9618084552476
1468	3545.1942627547783	5613.129139923068
1469	3274.093940467714	5610.828651744287
1470	3727.489280038788	5497.03005252116
1471	3295.003272760358	5776.6896154070655
1472	3367.5807492056265	5724.293527286059
1473	3331.441488319123	5758.689118691195
1474	3506.1461295377917	5546.551412507715
1475	3337.39772095711	5545.953356148355
1476	3068.6972321253356	5638.7132500217485
1477	3275.4450068252677	5602.449688090053
1478	3396.51135805262	5560.672187659295
1479	6161.210013414021	10944.920328064018
1480	6073.016931205998	10918.602251259936
1481	6555.63796517808	10859.740112333524
1482	6520.606953456985	10744.765351095157
1483	6719.0883592686305	10725.908749365291
1484	6322.093607471696	11003.212867227125
1485	6368.603353950034	10890.307484787983
1486	6371.594144131076	10783.15321243836
1487	6609.666491159819	10789.097998972962
1488	6348.32619734044	11011.060912344112
1489	6374.416935261533	11001.208464761536
1490	6220.345522650143	10914.029796205641
1491	6081.664106941979	10822.643166341733
1492	6375.0	10875.0
1493	6521.418766203749	10744.893894637122
1494	3670.740734925274	6894.430232454775
1495	3504.44087656454	6904.080516683773
1496	3365.4424893838227	7071.412723185337
1497	3198.9183343942254	7413.626320700889
1498	3360.0901529746243	7076.872172955988
1499	3224.941363138034	7188.014523413165
1500	3317.987188746983	7110.360136677334
1501	3284.8146474708346	7129.661415446253
1502	3375.0	7125.0
1503	3302.9082977795365	7207.81230951876
1504	1075.712864512789	3806.217371588108
1505	905.5296222563608	4175.466878025543
1506	1125.0	4125.0
1507	1125.0	4125.0
1508	1125.0	4125.0
1509	800.5544024097514	4313.042692504406
1510	1059.5596506495303	4259.7441590610515
1511	1413.3742776247627	4112.648406531768
1512	1199.8748730844748	3914.325930218108
1513	1083.2323992727556	3822.0757352310998
1514	2617.7437086911727	3585.1165209674186
1515	2649.1971352606815	3226.6825362376635
1516	2548.005219351337	3629.409211234619
1517	2426.526049591762	3579.5903060245523
1518	2892.5201812601395	3112.211201497206
1519	2504.932244319217	3402.476986226401
1520	2720.516171309552	3269.308062006756
1521	2684.6511639776186	3186.0186754495276
1522	2655.1065199494215	3316.3387861748674
1523	2682.506917814958	3343.963478525793
1524	2566.60205866534	3402.9511046508014
1525	2594.041434535959	3393.0857943584715
1526	2582.651423214392	3427.846880762823
1527	5474.991768763115	4090.7143592631433
1528	5625.0	4125.0
1529	5488.797300232015	4286.465395778031
1530	5625.0	4125.0
1531	5381.637405525458	4212.785544797381
1532	5740.372723849439	3897.731271452545
1533	5365.68103331899	3868.9440885195927
1534	5771.084496115844	3797.267256389084
1535	5671.23952555038	4078.48516425317
1536	5625.0	4125.0
1537	5625.0	12375.0
1538	5919.346919662831	12283.525031222383
1539	5323.09275405894	12337.183291872128
1540	5552.365385337844	12538.487184820984
1541	5957.255557226447	12201.128654769847
1542	5935.910609215698	12247.019612606893
1543	5406.808847533105	12441.794891969337
1544	5511.894630329574	12545.607038436947
1545	5373.338801262344	12278.719186086142
1546	4946.398122274514	6979.81675322709
1547	4613.254213882586	7173.512648321043
1548	4805.266750026634	7152.839512279359
1549	4613.572399023811	7068.374090826217
1550	4891.054695592571	7012.6919979440545
1551	4851.92214216654	6873.528188105153
1552	4875.0	7125.0
1553	4934.499470787924	7059.869311901921
1554	4875.0	7125.0
1555	4875.0	7125.0
1556	4870.10234211741	7370.458511607728
1557	4691.612214226939	7082.628294221379
1558	7130.182069132086	8515.514166355195
1559	7261.6876507292245	8446.32954978745
1560	7013.129221441285	8960.724765471401
1561	7097.45133059028	8794.329427831093
1562	7090.4575708697	8675.475235560818
1563	6939.39198123512	8799.885519426844
1564	7398.289401108336	8368.216232518786
1565	7148.9932491727095	8580.195136721712
1566	7209.207994567866	8494.437162880651
1567	6961.209768447176	8614.890905095774
1568	1125.0	13875.0
1569	1125.0	13875.0
1570	1125.0	13875.0
1571	1104.9156790715956	13885.200339481735
1572	1137.2533559860278	13793.47453436399
1573	847.3502098169249	13622.937321264542
1574	1125.0	13875.0
1575	7032.973773557226	4165.811002065838
1576	6839.580831377848	4309.941117141474
1577	7169.148726059192	4080.566787203632
1578	7063.353912413501	4157.339196354084
1579	6880.098783560575	4393.183458776195
1580	7399.875081594115	3869.9143486618095
1581	7360.849019725407	3891.6752054041167
1582	7125.0	4125.0
1583	1119.698500808892	10122.088215897544
1584	1086.1002762671699	10060.867915270503
1585	1036.2666091815597	10201.765942208187
1586	1110.347245291243	10247.192857709853
1587	1125.0	10125.0
1588	1125.0	10125.0
1589	1122.5188430881567	10267.965569091137
1590	1336.8715017936156	9815.588515520645
1591	1035.132890065531	10330.848834967857
1592	880.0114065134344	9869.256891156743
1593	7125.0	13125.0
1594	6903.034164172448	12872.444302024747
1595	7156.408387375791	13054.583326697173
1596	1361.471719053262	2577.492739656402
1597	987.3046768927006	2774.815463482503
1598	1353.129334985786	2573.6901260546474
1599	1125.955624859244	2391.976678108614
1600	797.1391965933192	2807.022783160586
1601	3375.0	10875.0
1602	3232.593822859316	11035.982208483501
1603	3557.1812078745816	10872.560443276832
1604	3242.0383688273373	10896.142135676986
1605	3069.6149742911457	10825.727074795404
1606	3231.198077149756	10910.409138154393
1607	3500.150004296255	10664.349921970383
1608	3375.0	10875.0
1609	3437.8164144615957	10808.082574478005
1610	3230.073209496422	10918.735846891916
1611	1327.0187919362952	10644.493708228514
1612	1010.0542049667217	10891.32409643312
1613	930.5685865629745	11195.657801197602
1614	990.4461687055145	11055.695437678429
1615	913.5549918164434	10972.097586018144
1616	958.7405711271686	10884.723032366137
1617	1125.0	10875.0
1618	1403.9226105056732	10867.980180272847
1619	1188.2576514146297	10826.06826942496
1620	1151.4785261397328	10741.975285285984
1621	1270.7859642472727	10653.800618617879
1622	944.3556557794784	10813.935416750299
1623	1875.0	2625.0
1624	1514.239426514563	2522.6437172497035
1625	1914.5851948016305	2529.315656026404
1626	1875.0	2625.0
1627	1875.0	375.0
1628	1654.1947876573881	71.89926063710413
1629	1875.0	375.0
1630	1852.8724314817734	299.9411353606658
1631	1740.9358096011558	120.91593542062594
1632	1753.0384866956483	137.05632077883192
1633	1875.0	375.0
1634	1875.0	375.0
1635	375.0	5625.0
1636	397.3943217616518	5503.630382666351
1637	490.1060159128749	5527.110891333364
1638	364.6896317952371	5624.637822759946
1639	154.1128962451207	5730.637624601699
1640	487.317011822421	5583.23408415234
1641	322.6712303805858	5754.050630700673
1642	389.5200701236835	5389.203144830223
1643	677.1932015490722	5446.423254379829
1644	442.3691449940982	5541.797892387022
1645	94.34261756258996	5776.5276877312635
1646	119.4861882964997	5899.477124782282
1647	3796.1820752302774	8582.062190386176
1648	4125.0	8625.0
1649	4248.2778305072525	8549.610513099615
1650	4119.692310943793	8479.363191141296
1651	4350.493344732129	8590.56284706327
1652	3930.6863533110613	8945.729179699083
1653	4005.529766597689	8446.020762210588
1654	4125.0	8625.0
1655	4116.671851863003	8694.07393839785
1656	4236.266109683489	8468.47453888714
1657	4171.489763166815	8583.955986969439
1658	7372.548041806617	843.3176132632551
1659	6965.399536493045	1240.9058610412717
1660	7041.194948446209	1191.7369358904693
1661	7044.273547557897	1248.71176981833
1662	7201.580152903202	1100.335365572732
1663	4734.94862133599	3388.4144196183665
1664	4844.77864088623	3417.27226939225
1665	4817.729297618061	3424.5521276618265
1666	4783.395682604705	3416.960610114562
1667	4924.621555028152	3355.7504563780735
1668	4875.0	3375.0
1669	4761.784929531447	3384.842220359285
1670	5248.088237965642	3337.1824552397625
1671	4828.0649785003525	3393.133104041667
1672	4970.204100876938	3267.8839284517644
1673	4850.434764503993	3356.911370212556
1674	4781.768298348062	3363.889754148159
1675	6240.728373099401	13833.69439666835
1676	6375.0	13875.0
1677	6231.5494649492275	13702.915880091028
1678	6231.927657044574	13727.10596615684
1679	6236.074337040819	13831.262755825797
1680	6332.946278971544	13930.275461345414
1681	6375.0	13875.0
1682	6484.260316332666	13801.802004922994
1683	6375.0	13875.0
1684	6375.3616591075715	13827.033410890679
1685	6306.970655365921	3315.1751110225155
1686	6346.449451513275	3297.7153931299927
1687	6364.078790561604	3749.840935843996
1688	6473.7962293018645	3205.92641788295
1689	6296.679366817347	3195.4760655119185
1690	6375.0	3375.0
1691	6127.343962833243	3645.6829888453026
1692	6634.585120028868	3134.905828799997
1693	6447.07843388452	3285.556864223098
1694	6153.706328027839	3620.8901472085863
1695	6375.0	3375.0
1696	6482.42790504798	3112.3518456554852
1697	4875.0	5625.0
1698	4875.0	5625.0
1699	4811.405366793475	5387.027297826738
1700	4875.0	5625.0
1701	4717.2952088024	5389.502086472414
1702	4547.806599943605	5441.780244079587
1703	4875.0	5625.0
1704	4875.0	5625.0
1705	4875.0	5625.0
1706	4875.0	5625.0
1707	4849.305321011586	5472.538574308085
1708	2217.5748534362297	11607.244854836597
1709	1811.8111318497242	11617.675010342982
1710	1531.156354893748	11682.19661691064
1711	1846.3646465324166	11783.399400799859
1712	2004.6877522474945	11509.352968918423
1713	1621.0837836813091	11726.318990564592
1714	1963.2934791395135	11585.107593430866
1715	1781.0428235986633	11627.28025280843
1716	1875.0	11625.0
1717	2175.7999869284467	11401.070618578431
1718	1671.401935636321	11642.896930537721
1719	1265.8800744891748	8488.011438397118
1720	1025.6966908478469	8744.89818192714
1721	1125.0	8625.0
1722	1106.9991646489818	8648.476967412604
1723	967.0301548355335	8882.910473289312
1724	1094.6933970219318	8742.05293181685
1725	1044.8183915301981	8762.550669019793
1726	1201.3869266553288	8552.195823001957
1727	1046.4036197059443	8649.291201016513
1728	1342.3894102352929	8319.440113369652
1729	1124.5785716874313	8410.249388721875
1730	5625.0	13875.0
1731	5535.90243218613	13723.726408089076
1732	5560.439642757185	13801.501626058605
1733	5593.831835099236	13708.018162716957
1734	5625.0	13875.0
1735	5625.0	13875.0
1736	5625.0	13875.0
1737	5604.840428200319	13811.288219212263
1738	5590.00568534034	13793.89341450424
1739	5542.237389588236	13739.205956887658
1740	5571.159641150953	10997.079336012264
1741	5860.201765177564	10600.981033916125
1742	5625.0	10875.0
1743	5454.910105742672	10754.770831780665
1744	5568.803247137353	10955.841030182222
1745	5535.874386404953	10877.935794696681
1746	5625.0	10875.0
1747	5616.724585435478	10806.895558053213
1748	5625.0	10875.0
1749	5633.794865085629	10826.2383014902
1750	5379.324059905504	10817.519432051075
1751	5376.306274546124	10764.164140542001
1752	5625.0	10875.0
1753	1883.9793191681847	12268.634364359012
1754	1869.3626634828834	12179.796337826863
1755	1555.3608835023806	12571.101594089954
1756	1875.0	12375.0
1757	1952.8103600819259	12179.969680584823
1758	2093.606303713638	12327.003225070848
1759	1671.6790771137403	12344.363515972558
1760	1958.4800100989462	12224.80657860389
1761	1875.0	12375.0
1762	1793.5442389797736	12035.74741059043
1763	1651.0099385905244	12488.821564978962
1764	1875.0	12375.0
1765	4875.0	13125.0
1766	4875.0	2625.0
1767	4875.0	2625.0
1768	4875.0	2625.0
1769	4674.779501305723	2820.9075772664482
1770	4875.0	2625.0
1771	5080.742650428974	2506.090016481062
1772	4624.003511801876	2773.5121750987582
1773	4673.919020029386	2393.7268175268914
1774	5028.426790833869	2413.5032826518714
1775	4614.768380438941	2439.262809034311
1776	1312.4653190314225	4723.527268458338
1777	981.0317107573806	5221.263096059273
1778	987.1251347294103	4856.887676472205
1779	1102.4840399652228	4894.215951655374
1780	1109.0730089943297	4666.387265605696
1781	1087.2717168627069	5007.179388536263
1782	1125.0	4875.0
1783	837.8373350150132	4971.4213792657365
1784	1179.8264479754455	4835.0033260204
1785	1125.0	4875.0
1786	1394.3249032992007	4685.06468336977
1787	1241.7996322245585	4787.962207440575
1788	4588.176852087489	133.42706728286373
1789	4840.146491698728	530.2887128872686
1790	4875.0	375.0
1791	4875.0	375.0
1792	364.9799603042267	2631.1429726749993
1793	355.1479646521683	2658.54745855936
1794	509.383845545476	2521.2899490103728
1795	375.0	2625.0
1796	335.33539348097753	2636.9549878330604
1797	524.2541679421349	2527.235149496462
1798	59.33487658273316	2827.436483515106
1799	401.1056782106919	2607.7384593983843
1800	442.39739223117044	2579.219950453978
